native_verification_started=2026-09-06T12:44:45.112269+00:00
measurement_lock_token=9f0fb179-d099-4a1d-a3f0-dd638c4c16c6 owner_pid=1586730 process_start_ticks=54256460
checkout_commit=db8d7ce4e2324825fd5655265d6cb81df7202e82 (streamed tree; require clean status for publication)
run_directory=/tmp/zig-http.px1SIl
reports/2026-09-06-app-api-source.sha256: OK
.zig-version: OK
assets/index.html: OK
build.zig: OK
build.zig.zon: OK
examples/accept.zig: OK
examples/app_auth.zig: OK
examples/app_basic.zig: OK
examples/app_errors.zig: OK
examples/assets/endpoint.html: OK
examples/assets/sendfile.txt: OK
examples/assets/serve_index.html: OK
examples/assets/serve_two.html: OK
examples/assets/session_login.html: OK
examples/bindataformpost.zig: OK
examples/cookies.zig: OK
examples/endpoint/auth_helpers.zig: OK
examples/endpoint/middleware_parts.zig: OK
examples/endpoint/users.zig: OK
examples/endpoint.zig: OK
examples/endpoint_auth.zig: OK
examples/hello.zig: OK
examples/hello2.zig: OK
examples/hello_json.zig: OK
examples/http_params.zig: OK
examples/middleware.zig: OK
examples/middleware_with_endpoint.zig: OK
examples/routes.zig: OK
examples/senderror.zig: OK
examples/sendfile.zig: OK
examples/serve.zig: OK
examples/simple_router.zig: OK
examples/support.zig: OK
examples/userpass_session.zig: OK
src/App.zig: OK
src/api.zig: OK
src/app_demo.zig: OK
src/budget.zig: OK
src/form.zig: OK
src/http.zig: OK
src/main.zig: OK
src/multipart.zig: OK
src/params.zig: OK
src/request.zig: OK
src/response.zig: OK
src/router.zig: OK
src/server.zig: OK
src/transport.zig: OK
src/transport_linux.zig: OK
src/transport_macos.zig: OK
src/web.zig: OK
tests/app_integration.py: OK
tests/arena_lifecycle_integration.py: OK
tests/batch_integration.py: OK
tests/examples_integration.py: OK
tests/gather_integration.py: OK
tests/inline_integration.py: OK
tests/integration.py: OK
tests/test_compare.py: OK
tools/benchmark.py: OK
tools/check_version.py: OK
tools/compare.py: OK
tools/smoke.py: OK
tools/verify_linux_ssh.sh: OK
host=omarx1 arch=x86_64 kernel=7.1.9-arch1-2 zig=0.16.0 io_uring_disabled=0
NAME="Omarchy"
PRETTY_NAME="Omarchy"
ID=omarchy
ID_LIKE=arch
BUILD_ID="4.0.2"
VERSION_ID="4.0.2"
ANSI_COLOR="38;2;158;206;106"
HOME_URL="https://omarchy.org/"
DOCUMENTATION_URL="https://learn.omacom.io/2/the-omarchy-manual"
SUPPORT_URL="https://discord.gg/tXFUdasqhY"
BUG_REPORT_URL="https://github.com/basecamp/omarchy/issues"
LOGO=omarchy
Build Summary: 51/51 steps succeeded; 194/194 tests passed
verify success
+- compile exe zig-http Debug native success 2s MaxRSS:363M
+- compile exe http-app Debug native success 2s MaxRSS:377M
+- compile exe hello Debug native success 2s MaxRSS:363M
+- compile exe hello2 Debug native success 2s MaxRSS:373M
+- compile exe hello_json Debug native success 2s MaxRSS:367M
+- compile exe simple_router Debug native success 2s MaxRSS:373M
+- compile exe routes Debug native success 2s MaxRSS:363M
+- compile exe serve Debug native success 2s MaxRSS:369M
+- compile exe sendfile Debug native success 2s MaxRSS:369M
+- compile exe senderror Debug native success 2s MaxRSS:362M
+- compile exe accept Debug native success 2s MaxRSS:367M
+- compile exe app_basic Debug native success 2s MaxRSS:364M
+- compile exe app_auth Debug native success 2s MaxRSS:364M
+- compile exe app_errors Debug native success 2s MaxRSS:374M
+- compile exe endpoint Debug native success 2s MaxRSS:386M
+- compile exe endpoint_auth Debug native success 2s MaxRSS:367M
+- compile exe middleware Debug native success 2s MaxRSS:376M
+- compile exe middleware_with_endpoint Debug native success 2s MaxRSS:369M
+- compile exe userpass_session Debug native success 2s MaxRSS:376M
+- compile exe cookies Debug native success 2s MaxRSS:367M
+- compile exe http_params Debug native success 2s MaxRSS:366M
+- compile exe bindataformpost Debug native success 2s MaxRSS:370M
+- zig fmt --check success
+- run python3 success 35ms
+- run test 15 pass (15 total) 33ms MaxRSS:9M
|  +- compile test Debug native success 2s MaxRSS:345M
+- run test 5 pass (5 total) 6ms MaxRSS:6M
|  +- compile test Debug native success 2s MaxRSS:334M
+- run test 1 pass (1 total) 6ms MaxRSS:8M
|  +- compile test Debug native success 1s MaxRSS:336M
+- run test 7 pass (7 total) 28ms MaxRSS:7M
|  +- compile test Debug native success 2s MaxRSS:345M
+- run test 43 pass (43 total) 80ms MaxRSS:9M
|  +- compile test Debug native success 2s MaxRSS:396M
+- run test 3 pass (3 total) 7ms MaxRSS:7M
|  +- compile test Debug native success 2s MaxRSS:338M
+- run test 5 pass (5 total) 6ms MaxRSS:8M
|  +- compile test Debug native success 2s MaxRSS:355M
+- run test 27 pass (27 total) 28ms MaxRSS:9M
|  +- compile test Debug native success 2s MaxRSS:366M
+- run test 8 pass (8 total) 5ms MaxRSS:6M
|  +- compile test Debug native success 2s MaxRSS:346M
+- run test 11 pass (11 total) 6ms MaxRSS:6M
|  +- compile test Debug native success 2s MaxRSS:355M
+- run test 2 pass (2 total) 6ms MaxRSS:7M
|  +- compile test Debug native success 2s MaxRSS:344M
+- run test 67 pass (67 total) 81ms MaxRSS:9M
|  +- compile test Debug native success 3s MaxRSS:468M
+- run test success 7ms MaxRSS:7M
   +- compile test Debug native success 1s MaxRSS:323M

native_verification_finished=2026-09-06T12:48:20.448483+00:00 exit=124
native_verification_started=2026-09-06T12:51:14.376306+00:00
measurement_lock_token=9f0fb179-d099-4a1d-a3f0-dd638c4c16c6 owner_pid=1586730 process_start_ticks=54256460
checkout_commit=db8d7ce4e2324825fd5655265d6cb81df7202e82 (streamed tree; require clean status for publication)
run_directory=/tmp/zig-http.5rzl6V
reports/2026-09-06-app-api-source.sha256: OK
.zig-version: OK
assets/index.html: OK
build.zig: OK
build.zig.zon: OK
examples/accept.zig: OK
examples/app_auth.zig: OK
examples/app_basic.zig: OK
examples/app_errors.zig: OK
examples/assets/endpoint.html: OK
examples/assets/sendfile.txt: OK
examples/assets/serve_index.html: OK
examples/assets/serve_two.html: OK
examples/assets/session_login.html: OK
examples/bindataformpost.zig: OK
examples/cookies.zig: OK
examples/endpoint/auth_helpers.zig: OK
examples/endpoint/middleware_parts.zig: OK
examples/endpoint/users.zig: OK
examples/endpoint.zig: OK
examples/endpoint_auth.zig: OK
examples/hello.zig: OK
examples/hello2.zig: OK
examples/hello_json.zig: OK
examples/http_params.zig: OK
examples/middleware.zig: OK
examples/middleware_with_endpoint.zig: OK
examples/routes.zig: OK
examples/senderror.zig: OK
examples/sendfile.zig: OK
examples/serve.zig: OK
examples/simple_router.zig: OK
examples/support.zig: OK
examples/userpass_session.zig: OK
src/App.zig: OK
src/api.zig: OK
src/app_demo.zig: OK
src/budget.zig: OK
src/form.zig: OK
src/http.zig: OK
src/main.zig: OK
src/multipart.zig: OK
src/params.zig: OK
src/request.zig: OK
src/response.zig: OK
src/router.zig: OK
src/server.zig: OK
src/transport.zig: OK
src/transport_linux.zig: OK
src/transport_macos.zig: OK
src/web.zig: OK
tests/app_integration.py: OK
tests/arena_lifecycle_integration.py: OK
tests/batch_integration.py: OK
tests/examples_integration.py: OK
tests/gather_integration.py: OK
tests/inline_integration.py: OK
tests/integration.py: OK
tests/test_compare.py: OK
tools/benchmark.py: OK
tools/check_version.py: OK
tools/compare.py: OK
tools/smoke.py: OK
tools/verify_linux_ssh.sh: OK
host=omarx1 arch=x86_64 kernel=7.1.9-arch1-2 zig=0.16.0 io_uring_disabled=0
NAME="Omarchy"
PRETTY_NAME="Omarchy"
ID=omarchy
ID_LIKE=arch
BUILD_ID="4.0.2"
VERSION_ID="4.0.2"
ANSI_COLOR="38;2;158;206;106"
HOME_URL="https://omarchy.org/"
DOCUMENTATION_URL="https://learn.omacom.io/2/the-omarchy-manual"
SUPPORT_URL="https://discord.gg/tXFUdasqhY"
BUG_REPORT_URL="https://github.com/basecamp/omarchy/issues"
LOGO=omarchy
Debug verification: prior identical-source attempt passed 51/51 steps, 194/194 tests
Build Summary: 51/51 steps succeeded; 194/194 tests passed
verify success
+- compile exe zig-http ReleaseSafe native success 15s MaxRSS:462M
+- compile exe http-app ReleaseSafe native success 12s MaxRSS:482M
+- compile exe hello ReleaseSafe native success 11s MaxRSS:466M
+- compile exe hello2 ReleaseSafe native success 14s MaxRSS:466M
+- compile exe hello_json ReleaseSafe native success 15s MaxRSS:472M
+- compile exe simple_router ReleaseSafe native success 15s MaxRSS:473M
+- compile exe routes ReleaseSafe native success 14s MaxRSS:475M
+- compile exe serve ReleaseSafe native success 12s MaxRSS:479M
+- compile exe sendfile ReleaseSafe native success 13s MaxRSS:476M
+- compile exe senderror ReleaseSafe native success 15s MaxRSS:471M
+- compile exe accept ReleaseSafe native success 11s MaxRSS:491M
+- compile exe app_basic ReleaseSafe native success 11s MaxRSS:477M
+- compile exe app_auth ReleaseSafe native success 15s MaxRSS:480M
+- compile exe app_errors ReleaseSafe native success 15s MaxRSS:511M
+- compile exe endpoint ReleaseSafe native success 16s MaxRSS:487M
+- compile exe endpoint_auth ReleaseSafe native success 15s MaxRSS:466M
+- compile exe middleware ReleaseSafe native success 13s MaxRSS:469M
+- compile exe middleware_with_endpoint ReleaseSafe native success 12s MaxRSS:454M
+- compile exe userpass_session ReleaseSafe native success 11s MaxRSS:499M
+- compile exe cookies ReleaseSafe native success 12s MaxRSS:472M
+- compile exe http_params ReleaseSafe native success 12s MaxRSS:470M
+- compile exe bindataformpost ReleaseSafe native success 11s MaxRSS:483M
+- zig fmt --check success
+- run python3 success 28ms
+- run test 15 pass (15 total) 6ms MaxRSS:8M
|  +- compile test ReleaseSafe native success 13s MaxRSS:434M
+- run test 5 pass (5 total) 2ms MaxRSS:7M
|  +- compile test ReleaseSafe native success 10s MaxRSS:423M
+- run test 1 pass (1 total) 3ms MaxRSS:9M
|  +- compile test ReleaseSafe native success 9s MaxRSS:453M
+- run test 7 pass (7 total) 23ms MaxRSS:8M
|  +- compile test ReleaseSafe native success 11s MaxRSS:443M
+- run test 43 pass (43 total) 38ms MaxRSS:8M
|  +- compile test ReleaseSafe native success 14s MaxRSS:487M
+- run test 3 pass (3 total) 2ms MaxRSS:6M
|  +- compile test ReleaseSafe native success 10s MaxRSS:417M
+- run test 5 pass (5 total) 2ms MaxRSS:8M
|  +- compile test ReleaseSafe native success 11s MaxRSS:420M
+- run test 27 pass (27 total) 5ms MaxRSS:7M
|  +- compile test ReleaseSafe native success 11s MaxRSS:444M
+- run test 8 pass (8 total) 3ms MaxRSS:7M
|  +- compile test ReleaseSafe native success 12s MaxRSS:421M
+- run test 11 pass (11 total) 2ms MaxRSS:6M
|  +- compile test ReleaseSafe native success 10s MaxRSS:446M
+- run test 2 pass (2 total) 2ms MaxRSS:7M
|  +- compile test ReleaseSafe native success 9s MaxRSS:447M
+- run test 67 pass (67 total) 52ms MaxRSS:8M
|  +- compile test ReleaseSafe native success 15s MaxRSS:571M
+- run test success 2ms MaxRSS:7M
   +- compile test ReleaseSafe native success 9s MaxRSS:421M

test_abba_keeps_equal_workload_adjacent_and_balances_samples (__main__.WrkReceiptTests.test_abba_keeps_equal_workload_adjacent_and_balances_samples) ... ok
test_abba_rejects_ambiguous_or_non_pair_comparisons (__main__.WrkReceiptTests.test_abba_rejects_ambiguous_or_non_pair_comparisons) ... ok
test_any_error_invalidates_trial (__main__.WrkReceiptTests.test_any_error_invalidates_trial) ... ok
test_counts_are_already_responses_not_batches (__main__.WrkReceiptTests.test_counts_are_already_responses_not_batches) ... ok
test_default_shuffle_retains_each_requested_sample_once (__main__.WrkReceiptTests.test_default_shuffle_retains_each_requested_sample_once) ... ok
test_incomplete_or_ambiguous_receipt_rejected (__main__.WrkReceiptTests.test_incomplete_or_ambiguous_receipt_rejected) ... ok
test_invalid_latency_does_not_invalidate_response_count (__main__.WrkReceiptTests.test_invalid_latency_does_not_invalidate_response_count) ... ok
test_required_power_profile_cannot_silently_change_or_disappear (__main__.WrkReceiptTests.test_required_power_profile_cannot_silently_change_or_disappear) ... ok

----------------------------------------------------------------------
Ran 8 tests in 0.001s

OK
PASS half_close_inline_prearm_0
PASS half_close_inline_prearm_1
PASS half_close_workers_prearm_0
PASS half_close_workers_prearm_1
PASS expect_body_and_eof_prearm_0
PASS expect_body_and_eof_prearm_1
PASS incomplete_eof_preserves_prefix_prearm_0
PASS incomplete_eof_preserves_prefix_prearm_1
{"ok": true, "passed": 8, "platform": "linux", "schema_version": 1, "seconds": 0.066757, "server": "/tmp/zig-http.5rzl6V/zig-out/bin/zig-http", "sessions": [{"phase": "half_close_inline_prearm_0", "stats": {"accepted": 1, "allocation_calls_after_start": 0, "batched_finished_responses": 5, "borrow_copies": 0, "bytes_received": 786, "bytes_sent": 1277, "callbacks_per_turn": 2048, "completed": 5, "execution": "inline_event_loop", "flushes": 3, "framework_heap_limit_bytes": 536870912, "framework_heap_peak_bytes": 1412138, "gather_cancel_requests": 0, "gather_canceled_completions": 0, "gather_send": true, "gather_send_operations": 184, "idle_polls": 1, "inline_dispatches": 8, "live_connections": 0, "live_operations": 0, "max_batch_responses": 3, "max_canceled_batch_responses": 0, "max_handler_ns": 0, "max_inline_callbacks_per_turn": 3, "max_loop_ns": 22408, "max_queue_ns": 0, "max_request_ns": 1982862, "max_send_bytes": 7, "max_send_parts": 2, "peak_connections": 1, "peak_operations": 2, "pipeline_copy_bytes": 0, "prearmed_receives": 0, "rejected": 0, "response_batch_limit": 128, "response_batches": 4, "response_draft_copy_bytes": 0, "resumed": 3, "scalar_send_operations": 0, "send_completions": 184, "shards": 1, "short_send_completions": 0, "single_span_send_operations": 182, "timeouts": 0, "turns": 189, "worker_dispatches": 0, "workers": 0}}, {"phase": "half_close_inline_prearm_1", "stats": {"accepted": 1, "allocation_calls_after_start": 0, "batched_finished_responses": 5, "borrow_copies": 0, "bytes_received": 786, "bytes_sent": 1277, "callbacks_per_turn": 2048, "completed": 5, "execution": "inline_event_loop", "flushes": 3, "framework_heap_limit_bytes": 536870912, "framework_heap_peak_bytes": 1412138, "gather_cancel_requests": 0, "gather_canceled_completions": 0, "gather_send": true, "gather_send_operations": 184, "idle_polls": 1, "inline_dispatches": 8, "live_connections": 0, "live_operations": 0, "max_batch_responses": 3, "max_canceled_batch_responses": 0, "max_handler_ns": 0, "max_inline_callbacks_per_turn": 3, "max_loop_ns": 22281, "max_queue_ns": 0, "max_request_ns": 1949296, "max_send_bytes": 7, "max_send_parts": 2, "peak_connections": 1, "peak_operations": 3, "pipeline_copy_bytes": 0, "prearmed_receives": 1, "rejected": 0, "response_batch_limit": 128, "response_batches": 4, "response_draft_copy_bytes": 0, "resumed": 3, "scalar_send_operations": 0, "send_completions": 184, "shards": 1, "short_send_completions": 0, "single_span_send_operations": 182, "timeouts": 0, "turns": 188, "worker_dispatches": 0, "workers": 0}}, {"phase": "half_close_workers_prearm_0", "stats": {"accepted": 1, "allocation_calls_after_start": 0, "batched_finished_responses": 0, "borrow_copies": 0, "bytes_received": 786, "bytes_sent": 1277, "callbacks_per_turn": 16, "completed": 5, "execution": "workers", "flushes": 3, "framework_heap_limit_bytes": 534773760, "framework_heap_peak_bytes": 1200890, "gather_cancel_requests": 0, "gather_canceled_completions": 0, "gather_send": true, "gather_send_operations": 185, "idle_polls": 9, "inline_dispatches": 0, "live_connections": 0, "live_operations": 0, "max_batch_responses": 1, "max_canceled_batch_responses": 0, "max_handler_ns": 0, "max_inline_callbacks_per_turn": 0, "max_loop_ns": 28408, "max_queue_ns": 0, "max_request_ns": 891515, "max_send_bytes": 7, "max_send_parts": 2, "peak_connections": 1, "peak_operations": 2, "pipeline_copy_bytes": 1067, "prearmed_receives": 0, "rejected": 0, "response_batch_limit": 1, "response_batches": 8, "response_draft_copy_bytes": 0, "resumed": 3, "scalar_send_operations": 0, "send_completions": 185, "shards": 1, "short_send_completions": 0, "single_span_send_operations": 183, "timeouts": 0, "turns": 198, "worker_dispatches": 8, "workers": 2}}, {"phase": "half_close_workers_prearm_1", "stats": {"accepted": 1, "allocation_calls_after_start": 0, "batched_finished_responses": 0, "borrow_copies": 0, "bytes_received": 786, "bytes_sent": 1277, "callbacks_per_turn": 16, "completed": 5, "execution": "workers", "flushes": 3, "framework_heap_limit_bytes": 534773760, "framework_heap_peak_bytes": 1200890, "gather_cancel_requests": 0, "gather_canceled_completions": 0, "gather_send": true, "gather_send_operations": 185, "idle_polls": 9, "inline_dispatches": 0, "live_connections": 0, "live_operations": 0, "max_batch_responses": 1, "max_canceled_batch_responses": 0, "max_handler_ns": 0, "max_inline_callbacks_per_turn": 0, "max_loop_ns": 20338, "max_queue_ns": 0, "max_request_ns": 1316114, "max_send_bytes": 7, "max_send_parts": 2, "peak_connections": 1, "peak_operations": 3, "pipeline_copy_bytes": 1067, "prearmed_receives": 1, "rejected": 0, "response_batch_limit": 1, "response_batches": 8, "response_draft_copy_bytes": 0, "resumed": 3, "scalar_send_operations": 0, "send_completions": 185, "shards": 1, "short_send_completions": 0, "single_span_send_operations": 183, "timeouts": 0, "turns": 197, "worker_dispatches": 8, "workers": 2}}, {"phase": "expect_body_and_eof_prearm_0", "stats": {"accepted": 1, "allocation_calls_after_start": 0, "batched_finished_responses": 0, "borrow_copies": 2, "bytes_received": 129, "bytes_sent": 295, "callbacks_per_turn": 2048, "completed": 2, "execution": "inline_event_loop", "flushes": 1, "framework_heap_limit_bytes": 536870912, "framework_heap_peak_bytes": 1412138, "gather_cancel_requests": 0, "gather_canceled_completions": 0, "gather_send": true, "gather_send_operations": 43, "idle_polls": 1, "inline_dispatches": 3, "live_connections": 0, "live_operations": 0, "max_batch_responses": 1, "max_canceled_batch_responses": 0, "max_handler_ns": 0, "max_inline_callbacks_per_turn": 1, "max_loop_ns": 11607, "max_queue_ns": 0, "max_request_ns": 1281566, "max_send_bytes": 7, "max_send_parts": 1, "peak_connections": 1, "peak_operations": 2, "pipeline_copy_bytes": 81, "prearmed_receives": 0, "rejected": 0, "response_batch_limit": 128, "response_batches": 3, "response_draft_copy_bytes": 0, "resumed": 1, "scalar_send_operations": 0, "send_completions": 43, "shards": 1, "short_send_completions": 0, "single_span_send_operations": 43, "timeouts": 0, "turns": 49, "worker_dispatches": 0, "workers": 0}}, {"phase": "expect_body_and_eof_prearm_1", "stats": {"accepted": 1, "allocation_calls_after_start": 0, "batched_finished_responses": 0, "borrow_copies": 2, "bytes_received": 129, "bytes_sent": 295, "callbacks_per_turn": 2048, "completed": 2, "execution": "inline_event_loop", "flushes": 1, "framework_heap_limit_bytes": 536870912, "framework_heap_peak_bytes": 1412138, "gather_cancel_requests": 0, "gather_canceled_completions": 0, "gather_send": true, "gather_send_operations": 43, "idle_polls": 1, "inline_dispatches": 3, "live_connections": 0, "live_operations": 0, "max_batch_responses": 1, "max_canceled_batch_responses": 0, "max_handler_ns": 0, "max_inline_callbacks_per_turn": 1, "max_loop_ns": 6409, "max_queue_ns": 0, "max_request_ns": 1316327, "max_send_bytes": 7, "max_send_parts": 1, "peak_connections": 1, "peak_operations": 3, "pipeline_copy_bytes": 81, "prearmed_receives": 1, "rejected": 0, "response_batch_limit": 128, "response_batches": 3, "response_draft_copy_bytes": 0, "resumed": 1, "scalar_send_operations": 0, "send_completions": 43, "shards": 1, "short_send_completions": 0, "single_span_send_operations": 43, "timeouts": 0, "turns": 49, "worker_dispatches": 0, "workers": 0}}, {"phase": "incomplete_eof_preserves_prefix_prearm_0", "stats": {"accepted": 1, "allocation_calls_after_start": 0, "batched_finished_responses": 0, "borrow_copies": 1, "bytes_received": 108, "bytes_sent": 199, "callbacks_per_turn": 2048, "completed": 1, "execution": "inline_event_loop", "flushes": 0, "framework_heap_limit_bytes": 536870912, "framework_heap_peak_bytes": 1412138, "gather_cancel_requests": 0, "gather_canceled_completions": 0, "gather_send": true, "gather_send_operations": 29, "idle_polls": 1, "inline_dispatches": 1, "live_connections": 0, "live_operations": 0, "max_batch_responses": 1, "max_canceled_batch_responses": 0, "max_handler_ns": 0, "max_inline_callbacks_per_turn": 1, "max_loop_ns": 22767, "max_queue_ns": 0, "max_request_ns": 156712, "max_send_bytes": 7, "max_send_parts": 1, "peak_connections": 1, "peak_operations": 2, "pipeline_copy_bytes": 64, "prearmed_receives": 0, "rejected": 1, "response_batch_limit": 128, "response_batches": 1, "response_draft_copy_bytes": 0, "resumed": 0, "scalar_send_operations": 0, "send_completions": 29, "shards": 1, "short_send_completions": 0, "single_span_send_operations": 29, "timeouts": 0, "turns": 34, "worker_dispatches": 0, "workers": 0}}, {"phase": "incomplete_eof_preserves_prefix_prearm_1", "stats": {"accepted": 1, "allocation_calls_after_start": 0, "batched_finished_responses": 0, "borrow_copies": 1, "bytes_received": 108, "bytes_sent": 199, "callbacks_per_turn": 2048, "completed": 1, "execution": "inline_event_loop", "flushes": 0, "framework_heap_limit_bytes": 536870912, "framework_heap_peak_bytes": 1412138, "gather_cancel_requests": 0, "gather_canceled_completions": 0, "gather_send": true, "gather_send_operations": 29, "idle_polls": 1, "inline_dispatches": 1, "live_connections": 0, "live_operations": 0, "max_batch_responses": 1, "max_canceled_batch_responses": 0, "max_handler_ns": 0, "max_inline_callbacks_per_turn": 1, "max_loop_ns": 11572, "max_queue_ns": 0, "max_request_ns": 1281533, "max_send_bytes": 7, "max_send_parts": 1, "peak_connections": 1, "peak_operations": 3, "pipeline_copy_bytes": 64, "prearmed_receives": 1, "rejected": 1, "response_batch_limit": 128, "response_batches": 1, "response_draft_copy_bytes": 0, "resumed": 0, "scalar_send_operations": 0, "send_completions": 29, "shards": 1, "short_send_completions": 0, "single_span_send_operations": 29, "timeouts": 0, "turns": 33, "worker_dispatches": 0, "workers": 0}}], "tests": [{"name": "half_close_inline_prearm_0", "ok": true}, {"name": "half_close_inline_prearm_1", "ok": true}, {"name": "half_close_workers_prearm_0", "ok": true}, {"name": "half_close_workers_prearm_1", "ok": true}, {"name": "expect_body_and_eof_prearm_0", "ok": true}, {"name": "expect_body_and_eof_prearm_1", "ok": true}, {"name": "incomplete_eof_preserves_prefix_prearm_0", "ok": true}, {"name": "incomplete_eof_preserves_prefix_prearm_1", "ok": true}], "tool": "zig-http-arena-lifecycle-integration"}
PASS batch_limit_configuration_rejected
PASS mixed_31_32_limit_1_aggregate_65536
PASS mixed_31_32_limit_2_aggregate_65536
PASS mixed_31_32_limit_4_aggregate_65536
PASS mixed_31_32_limit_16_aggregate_65536
PASS mixed_31_32_limit_16_aggregate_1
PASS mixed_31_32_limit_16_aggregate_17
PASS distinct_generated_output_cells_limit_1
PASS distinct_generated_output_cells_limit_16
PASS deep_generated_pipeline_32_batch_limit_16_and_reuse
PASS deep_borrowed_body_pipeline_32_batch_limit_16_and_reuse
PASS deep_generated_pipeline_64_batch_limit_16_and_reuse
PASS deep_borrowed_body_pipeline_64_batch_limit_16_and_reuse
PASS deep_generated_pipeline_128_batch_limit_16_and_reuse
PASS deep_borrowed_body_pipeline_128_batch_limit_16_and_reuse
PASS deep_generated_pipeline_128_batch_limit_16_and_reuse_overlap
PASS deep_borrowed_body_pipeline_128_batch_limit_16_and_reuse_overlap
PASS incomplete_expect_rejection_and_close_preserve_prefix_order
PASS distinct_finished_request_bodies_and_headers_survive_partial_sends
PASS buffered_demo_output_limit_returns_ordered_413
PASS maximum_64_generated_chunked_cells_cap_65536
PASS maximum_64_generated_chunked_cells_cap_23
PASS maximum_64_borrowed_body_chunked_cells_cap_65536
PASS maximum_64_borrowed_body_chunked_cells_cap_23
PASS global_callback_budget_rotates_busy_connections
PASS batch_flush_barrier_and_128_empty_resumes
PASS multi_cell_frozen_batch_deadline_cancel_and_recovery
PASS borrowed_batch_slow_reader_deadline_recovery_shutdown
PASS borrowed_batch_slow_reader_deadline_recovery_shutdown_overlap
{"ok": true, "passed": 29, "platform": "linux", "schema_version": 1, "seconds": 4.433961, "server": "/tmp/zig-http.5rzl6V/zig-out/bin/zig-http", "sessions": [{"cap": 65536, "limit": 1, "phase": "mixed", "stats": {"accepted": 2, "allocation_calls_after_start": 0, "batched_finished_responses": 0, "borrow_copies": 44, "bytes_received": 3533, "bytes_sent": 11815, "callbacks_per_turn": 16, "completed": 65, "execution": "inline_event_loop", "flushes": 40, "framework_heap_limit_bytes": 529530880, "framework_heap_peak_bytes": 9605136, "gather_cancel_requests": 0, "gather_canceled_completions": 0, "gather_send": true, "gather_send_operations": 95, "idle_polls": 8, "inline_dispatches": 105, "live_connections": 0, "live_operations": 0, "max_batch_responses": 1, "max_canceled_batch_responses": 0, "max_handler_ns": 0, "max_inline_callbacks_per_turn": 1, "max_loop_ns": 12924, "max_queue_ns": 0, "max_request_ns": 65758, "max_send_bytes": 345, "max_send_parts": 1, "peak_connections": 1, "peak_operations": 16, "pipeline_copy_bytes": 57780, "prearmed_receives": 0, "rejected": 0, "response_batch_limit": 1, "response_batches": 105, "response_draft_copy_bytes": 0, "resumed": 40, "scalar_send_operations": 0, "send_completions": 95, "shards": 8, "short_send_completions": 0, "single_span_send_operations": 95, "timeouts": 0, "turns": 125, "worker_dispatches": 0, "workers": 0}}, {"cap": 65536, "limit": 2, "phase": "mixed", "stats": {"accepted": 2, "allocation_calls_after_start": 0, "batched_finished_responses": 64, "borrow_copies": 44, "bytes_received": 3533, "bytes_sent": 11815, "callbacks_per_turn": 32, "completed": 65, "execution": "inline_event_loop", "flushes": 40, "framework_heap_limit_bytes": 529530880, "framework_heap_peak_bytes": 9618448, "gather_cancel_requests": 0, "gather_canceled_completions": 0, "gather_send": true, "gather_send_operations": 64, "idle_polls": 8, "inline_dispatches": 105, "live_connections": 0, "live_operations": 0, "max_batch_responses": 2, "max_canceled_batch_responses": 0, "max_handler_ns": 0, "max_inline_callbacks_per_turn": 2, "max_loop_ns": 9966, "max_queue_ns": 0, "max_request_ns": 145321, "max_send_bytes": 510, "max_send_parts": 1, "peak_connections": 1, "peak_operations": 16, "pipeline_copy_bytes": 20909, "prearmed_receives": 0, "rejected": 0, "response_batch_limit": 2, "response_batches": 64, "response_draft_copy_bytes": 0, "resumed": 40, "scalar_send_operations": 0, "send_completions": 64, "shards": 8, "short_send_completions": 0, "single_span_send_operations": 64, "timeouts": 0, "turns": 84, "worker_dispatches": 0, "workers": 0}}, {"cap": 65536, "limit": 4, "phase": "mixed", "stats": {"accepted": 2, "allocation_calls_after_start": 0, "batched_finished_responses": 65, "borrow_copies": 44, "bytes_received": 3533, "bytes_sent": 11815, "callbacks_per_turn": 64, "completed": 65, "execution": "inline_event_loop", "flushes": 40, "framework_heap_limit_bytes": 529530880, "framework_heap_peak_bytes": 9645072, "gather_cancel_requests": 0, "gather_canceled_completions": 0, "gather_send": true, "gather_send_operations": 52, "idle_polls": 8, "inline_dispatches": 105, "live_connections": 0, "live_operations": 0, "max_batch_responses": 4, "max_canceled_batch_responses": 0, "max_handler_ns": 0, "max_inline_callbacks_per_turn": 4, "max_loop_ns": 6384, "max_queue_ns": 0, "max_request_ns": 109855, "max_send_bytes": 753, "max_send_parts": 1, "peak_connections": 1, "peak_operations": 16, "pipeline_copy_bytes": 9799, "prearmed_receives": 0, "rejected": 0, "response_batch_limit": 4, "response_batches": 52, "response_draft_copy_bytes": 0, "resumed": 40, "scalar_send_operations": 0, "send_completions": 52, "shards": 8, "short_send_completions": 0, "single_span_send_operations": 52, "timeouts": 0, "turns": 72, "worker_dispatches": 0, "workers": 0}}, {"cap": 65536, "limit": 16, "phase": "mixed", "stats": {"accepted": 2, "allocation_calls_after_start": 0, "batched_finished_responses": 65, "borrow_copies": 44, "bytes_received": 3533, "bytes_sent": 11815, "callbacks_per_turn": 256, "completed": 65, "execution": "inline_event_loop", "flushes": 40, "framework_heap_limit_bytes": 529530880, "framework_heap_peak_bytes": 9804816, "gather_cancel_requests": 0, "gather_canceled_completions": 0, "gather_send": true, "gather_send_operations": 42, "idle_polls": 8, "inline_dispatches": 105, "live_connections": 0, "live_operations": 0, "max_batch_responses": 6, "max_canceled_batch_responses": 0, "max_handler_ns": 0, "max_inline_callbacks_per_turn": 6, "max_loop_ns": 4157, "max_queue_ns": 0, "max_request_ns": 73098, "max_send_bytes": 950, "max_send_parts": 1, "peak_connections": 1, "peak_operations": 16, "pipeline_copy_bytes": 0, "prearmed_receives": 0, "rejected": 0, "response_batch_limit": 16, "response_batches": 42, "response_draft_copy_bytes": 0, "resumed": 40, "scalar_send_operations": 0, "send_completions": 42, "shards": 8, "short_send_completions": 0, "single_span_send_operations": 42, "timeouts": 0, "turns": 62, "worker_dispatches": 0, "workers": 0}}, {"cap": 1, "limit": 16, "phase": "mixed", "stats": {"accepted": 2, "allocation_calls_after_start": 0, "batched_finished_responses": 65, "borrow_copies": 44, "bytes_received": 3533, "bytes_sent": 11815, "callbacks_per_turn": 256, "completed": 65, "execution": "inline_event_loop", "flushes": 40, "framework_heap_limit_bytes": 529530880, "framework_heap_peak_bytes": 9804816, "gather_cancel_requests": 0, "gather_canceled_completions": 0, "gather_send": true, "gather_send_operations": 11815, "idle_polls": 36, "inline_dispatches": 105, "live_connections": 0, "live_operations": 0, "max_batch_responses": 6, "max_canceled_batch_responses": 0, "max_handler_ns": 0, "max_inline_callbacks_per_turn": 6, "max_loop_ns": 16312, "max_queue_ns": 0, "max_request_ns": 6199920, "max_send_bytes": 1, "max_send_parts": 1, "peak_connections": 1, "peak_operations": 16, "pipeline_copy_bytes": 0, "prearmed_receives": 0, "rejected": 0, "response_batch_limit": 16, "response_batches": 42, "response_draft_copy_bytes": 0, "resumed": 40, "scalar_send_operations": 0, "send_completions": 11815, "shards": 8, "short_send_completions": 0, "single_span_send_operations": 11815, "timeouts": 0, "turns": 11863, "worker_dispatches": 0, "workers": 0}}, {"cap": 17, "limit": 16, "phase": "mixed", "stats": {"accepted": 2, "allocation_calls_after_start": 0, "batched_finished_responses": 65, "borrow_copies": 44, "bytes_received": 3533, "bytes_sent": 11815, "callbacks_per_turn": 256, "completed": 65, "execution": "inline_event_loop", "flushes": 40, "framework_heap_limit_bytes": 529530880, "framework_heap_peak_bytes": 9804816, "gather_cancel_requests": 0, "gather_canceled_completions": 0, "gather_send": true, "gather_send_operations": 714, "idle_polls": 8, "inline_dispatches": 105, "live_connections": 0, "live_operations": 0, "max_batch_responses": 6, "max_canceled_batch_responses": 0, "max_handler_ns": 0, "max_inline_callbacks_per_turn": 6, "max_loop_ns": 7796, "max_queue_ns": 0, "max_request_ns": 352884, "max_send_bytes": 17, "max_send_parts": 1, "peak_connections": 1, "peak_operations": 16, "pipeline_copy_bytes": 0, "prearmed_receives": 0, "rejected": 0, "response_batch_limit": 16, "response_batches": 42, "response_draft_copy_bytes": 0, "resumed": 40, "scalar_send_operations": 0, "send_completions": 714, "shards": 8, "short_send_completions": 0, "single_span_send_operations": 714, "timeouts": 0, "turns": 734, "worker_dispatches": 0, "workers": 0}}, {"limit": 1, "phase": "generated_pipeline", "stats": {"accepted": 1, "allocation_calls_after_start": 0, "batched_finished_responses": 0, "borrow_copies": 0, "bytes_received": 1622, "bytes_sent": 4374, "callbacks_per_turn": 16, "completed": 32, "execution": "inline_event_loop", "flushes": 0, "framework_heap_limit_bytes": 529530880, "framework_heap_peak_bytes": 9605136, "gather_cancel_requests": 0, "gather_canceled_completions": 0, "gather_send": true, "gather_send_operations": 32, "idle_polls": 8, "inline_dispatches": 32, "live_connections": 0, "live_operations": 0, "max_batch_responses": 1, "max_canceled_batch_responses": 0, "max_handler_ns": 0, "max_inline_callbacks_per_turn": 1, "max_loop_ns": 13798, "max_queue_ns": 0, "max_request_ns": 95415, "max_send_bytes": 137, "max_send_parts": 1, "peak_connections": 1, "peak_operations": 16, "pipeline_copy_bytes": 25251, "prearmed_receives": 0, "rejected": 0, "response_batch_limit": 1, "response_batches": 32, "response_draft_copy_bytes": 0, "resumed": 0, "scalar_send_operations": 0, "send_completions": 32, "shards": 8, "short_send_completions": 0, "single_span_send_operations": 32, "timeouts": 0, "turns": 51, "worker_dispatches": 0, "workers": 0}}, {"limit": 16, "phase": "generated_pipeline", "stats": {"accepted": 1, "allocation_calls_after_start": 0, "batched_finished_responses": 32, "borrow_copies": 0, "bytes_received": 1622, "bytes_sent": 4374, "callbacks_per_turn": 256, "completed": 32, "execution": "inline_event_loop", "flushes": 0, "framework_heap_limit_bytes": 529530880, "framework_heap_peak_bytes": 9804816, "gather_cancel_requests": 0, "gather_canceled_completions": 0, "gather_send": true, "gather_send_operations": 2, "idle_polls": 7, "inline_dispatches": 32, "live_connections": 0, "live_operations": 0, "max_batch_responses": 16, "max_canceled_batch_responses": 0, "max_handler_ns": 0, "max_inline_callbacks_per_turn": 16, "max_loop_ns": 43022, "max_queue_ns": 0, "max_request_ns": 94646, "max_send_bytes": 2192, "max_send_parts": 1, "peak_connections": 1, "peak_operations": 16, "pipeline_copy_bytes": 816, "prearmed_receives": 0, "rejected": 0, "response_batch_limit": 16, "response_batches": 2, "response_draft_copy_bytes": 0, "resumed": 0, "scalar_send_operations": 0, "send_completions": 2, "shards": 8, "short_send_completions": 0, "single_span_send_operations": 2, "timeouts": 0, "turns": 20, "worker_dispatches": 0, "workers": 0}}, {"kind": "generated", "overlap": 0, "phase": "deep_pipeline", "pipeline_depth": 32, "response_batch_limit": 16, "stats": {"accepted": 1, "allocation_calls_after_start": 0, "batched_finished_responses": 34, "borrow_copies": 1, "bytes_received": 2788, "bytes_sent": 5715, "callbacks_per_turn": 256, "completed": 34, "execution": "inline_event_loop", "flushes": 0, "framework_heap_limit_bytes": 529530880, "framework_heap_peak_bytes": 9804816, "gather_cancel_requests": 0, "gather_canceled_completions": 0, "gather_send": true, "gather_send_operations": 3, "idle_polls": 8, "inline_dispatches": 34, "live_connections": 0, "live_operations": 0, "max_batch_responses": 16, "max_canceled_batch_responses": 0, "max_handler_ns": 0, "max_inline_callbacks_per_turn": 16, "max_loop_ns": 8726, "max_queue_ns": 0, "max_request_ns": 211868, "max_send_bytes": 2840, "max_send_parts": 1, "peak_connections": 1, "peak_operations": 16, "pipeline_copy_bytes": 1464, "prearmed_receives": 0, "rejected": 0, "response_batch_limit": 16, "response_batches": 3, "response_draft_copy_bytes": 0, "resumed": 0, "scalar_send_operations": 0, "send_completions": 3, "shards": 8, "short_send_completions": 0, "single_span_send_operations": 3, "timeouts": 0, "turns": 22, "worker_dispatches": 0, "workers": 0}, "wire_bytes": 2662}, {"kind": "borrowed_body", "overlap": 0, "phase": "deep_pipeline", "pipeline_depth": 32, "response_batch_limit": 16, "stats": {"accepted": 1, "allocation_calls_after_start": 0, "batched_finished_responses": 34, "borrow_copies": 33, "bytes_received": 2989, "bytes_sent": 5244, "callbacks_per_turn": 256, "completed": 34, "execution": "inline_event_loop", "flushes": 0, "framework_heap_limit_bytes": 529530880, "framework_heap_peak_bytes": 9804816, "gather_cancel_requests": 0, "gather_canceled_completions": 0, "gather_send": true, "gather_send_operations": 3, "idle_polls": 8, "inline_dispatches": 34, "live_connections": 0, "live_operations": 0, "max_batch_responses": 16, "max_canceled_batch_responses": 0, "max_handler_ns": 0, "max_inline_callbacks_per_turn": 16, "max_loop_ns": 6714, "max_queue_ns": 0, "max_request_ns": 270895, "max_send_bytes": 2600, "max_send_parts": 1, "peak_connections": 1, "peak_operations": 16, "pipeline_copy_bytes": 1560, "prearmed_receives": 0, "rejected": 0, "response_batch_limit": 16, "response_batches": 3, "response_draft_copy_bytes": 0, "resumed": 0, "scalar_send_operations": 0, "send_completions": 3, "shards": 8, "short_send_completions": 0, "single_span_send_operations": 3, "timeouts": 0, "turns": 22, "worker_dispatches": 0, "workers": 0}, "wire_bytes": 2859}, {"kind": "generated", "overlap": 0, "phase": "deep_pipeline", "pipeline_depth": 64, "response_batch_limit": 16, "stats": {"accepted": 1, "allocation_calls_after_start": 0, "batched_finished_responses": 66, "borrow_copies": 1, "bytes_received": 6484, "bytes_sent": 12163, "callbacks_per_turn": 256, "completed": 66, "execution": "inline_event_loop", "flushes": 0, "framework_heap_limit_bytes": 529530880, "framework_heap_peak_bytes": 9804816, "gather_cancel_requests": 0, "gather_canceled_completions": 0, "gather_send": true, "gather_send_operations": 5, "idle_polls": 8, "inline_dispatches": 66, "live_connections": 0, "live_operations": 0, "max_batch_responses": 16, "max_canceled_batch_responses": 0, "max_handler_ns": 0, "max_inline_callbacks_per_turn": 16, "max_loop_ns": 6337, "max_queue_ns": 0, "max_request_ns": 286064, "max_send_bytes": 3352, "max_send_parts": 1, "peak_connections": 1, "peak_operations": 16, "pipeline_copy_bytes": 10832, "prearmed_receives": 0, "rejected": 0, "response_batch_limit": 16, "response_batches": 5, "response_draft_copy_bytes": 0, "resumed": 0, "scalar_send_operations": 0, "send_completions": 5, "shards": 8, "short_send_completions": 0, "single_span_send_operations": 5, "timeouts": 0, "turns": 24, "worker_dispatches": 0, "workers": 0}, "wire_bytes": 6358}, {"kind": "borrowed_body", "overlap": 0, "phase": "deep_pipeline", "pipeline_depth": 64, "response_batch_limit": 16, "stats": {"accepted": 1, "allocation_calls_after_start": 0, "batched_finished_responses": 66, "borrow_copies": 65, "bytes_received": 6877, "bytes_sent": 11212, "callbacks_per_turn": 256, "completed": 66, "execution": "inline_event_loop", "flushes": 0, "framework_heap_limit_bytes": 529530880, "framework_heap_peak_bytes": 9804816, "gather_cancel_requests": 0, "gather_canceled_completions": 0, "gather_send": true, "gather_send_operations": 5, "idle_polls": 8, "inline_dispatches": 66, "live_connections": 0, "live_operations": 0, "max_batch_responses": 16, "max_canceled_batch_responses": 0, "max_handler_ns": 0, "max_inline_callbacks_per_turn": 16, "max_loop_ns": 12562, "max_queue_ns": 0, "max_request_ns": 482630, "max_send_bytes": 3112, "max_send_parts": 1, "peak_connections": 1, "peak_operations": 16, "pipeline_copy_bytes": 11408, "prearmed_receives": 0, "rejected": 0, "response_batch_limit": 16, "response_batches": 5, "response_draft_copy_bytes": 0, "resumed": 0, "scalar_send_operations": 0, "send_completions": 5, "shards": 8, "short_send_completions": 0, "single_span_send_operations": 5, "timeouts": 0, "turns": 24, "worker_dispatches": 0, "workers": 0}, "wire_bytes": 6747}, {"kind": "generated", "overlap": 0, "phase": "deep_pipeline", "pipeline_depth": 128, "response_batch_limit": 16, "stats": {"accepted": 1, "allocation_calls_after_start": 0, "batched_finished_responses": 130, "borrow_copies": 1, "bytes_received": 17105, "bytes_sent": 28351, "callbacks_per_turn": 256, "completed": 130, "execution": "inline_event_loop", "flushes": 0, "framework_heap_limit_bytes": 529530880, "framework_heap_peak_bytes": 9804816, "gather_cancel_requests": 0, "gather_canceled_completions": 0, "gather_send": true, "gather_send_operations": 10, "idle_polls": 8, "inline_dispatches": 130, "live_connections": 0, "live_operations": 0, "max_batch_responses": 16, "max_canceled_batch_responses": 0, "max_handler_ns": 0, "max_inline_callbacks_per_turn": 16, "max_loop_ns": 7525, "max_queue_ns": 0, "max_request_ns": 489845, "max_send_bytes": 4360, "max_send_parts": 1, "peak_connections": 1, "peak_operations": 16, "pipeline_copy_bytes": 26996, "prearmed_receives": 0, "rejected": 0, "response_batch_limit": 16, "response_batches": 10, "response_draft_copy_bytes": 0, "resumed": 0, "scalar_send_operations": 0, "send_completions": 10, "shards": 8, "short_send_completions": 0, "single_span_send_operations": 10, "timeouts": 0, "turns": 31, "worker_dispatches": 0, "workers": 0}, "wire_bytes": 16978}, {"kind": "borrowed_body", "overlap": 0, "phase": "deep_pipeline", "pipeline_depth": 128, "response_batch_limit": 16, "stats": {"accepted": 1, "allocation_calls_after_start": 0, "batched_finished_responses": 130, "borrow_copies": 129, "bytes_received": 17759, "bytes_sent": 26254, "callbacks_per_turn": 256, "completed": 130, "execution": "inline_event_loop", "flushes": 0, "framework_heap_limit_bytes": 529530880, "framework_heap_peak_bytes": 9804816, "gather_cancel_requests": 0, "gather_canceled_completions": 0, "gather_send": true, "gather_send_operations": 10, "idle_polls": 8, "inline_dispatches": 130, "live_connections": 0, "live_operations": 0, "max_batch_responses": 16, "max_canceled_batch_responses": 0, "max_handler_ns": 0, "max_inline_callbacks_per_turn": 16, "max_loop_ns": 12467, "max_queue_ns": 0, "max_request_ns": 545806, "max_send_bytes": 3795, "max_send_parts": 1, "peak_connections": 1, "peak_operations": 16, "pipeline_copy_bytes": 25990, "prearmed_receives": 0, "rejected": 0, "response_batch_limit": 16, "response_batches": 10, "response_draft_copy_bytes": 0, "resumed": 0, "scalar_send_operations": 0, "send_completions": 10, "shards": 8, "short_send_completions": 0, "single_span_send_operations": 10, "timeouts": 0, "turns": 31, "worker_dispatches": 0, "workers": 0}, "wire_bytes": 17628}, {"kind": "generated", "overlap": 1, "phase": "deep_pipeline", "pipeline_depth": 128, "response_batch_limit": 16, "stats": {"accepted": 1, "allocation_calls_after_start": 0, "batched_finished_responses": 130, "borrow_copies": 1, "bytes_received": 17105, "bytes_sent": 28351, "callbacks_per_turn": 256, "completed": 130, "execution": "inline_event_loop", "flushes": 0, "framework_heap_limit_bytes": 529530880, "framework_heap_peak_bytes": 9804816, "gather_cancel_requests": 0, "gather_canceled_completions": 0, "gather_send": true, "gather_send_operations": 9, "idle_polls": 8, "inline_dispatches": 130, "live_connections": 0, "live_operations": 0, "max_batch_responses": 16, "max_canceled_batch_responses": 0, "max_handler_ns": 0, "max_inline_callbacks_per_turn": 16, "max_loop_ns": 55461, "max_queue_ns": 0, "max_request_ns": 717331, "max_send_bytes": 4424, "max_send_parts": 1, "peak_connections": 1, "peak_operations": 17, "pipeline_copy_bytes": 41010, "prearmed_receives": 7, "rejected": 0, "response_batch_limit": 16, "response_batches": 9, "response_draft_copy_bytes": 0, "resumed": 0, "scalar_send_operations": 0, "send_completions": 9, "shards": 8, "short_send_completions": 0, "single_span_send_operations": 9, "timeouts": 0, "turns": 28, "worker_dispatches": 0, "workers": 0}, "wire_bytes": 16978}, {"kind": "borrowed_body", "overlap": 1, "phase": "deep_pipeline", "pipeline_depth": 128, "response_batch_limit": 16, "stats": {"accepted": 1, "allocation_calls_after_start": 0, "batched_finished_responses": 130, "borrow_copies": 129, "bytes_received": 17759, "bytes_sent": 26254, "callbacks_per_turn": 256, "completed": 130, "execution": "inline_event_loop", "flushes": 0, "framework_heap_limit_bytes": 529530880, "framework_heap_peak_bytes": 9804816, "gather_cancel_requests": 0, "gather_canceled_completions": 0, "gather_send": true, "gather_send_operations": 9, "idle_polls": 8, "inline_dispatches": 130, "live_connections": 0, "live_operations": 0, "max_batch_responses": 16, "max_canceled_batch_responses": 0, "max_handler_ns": 0, "max_inline_callbacks_per_turn": 16, "max_loop_ns": 50945, "max_queue_ns": 0, "max_request_ns": 467562, "max_send_bytes": 4152, "max_send_parts": 1, "peak_connections": 1, "peak_operations": 17, "pipeline_copy_bytes": 40604, "prearmed_receives": 7, "rejected": 0, "response_batch_limit": 16, "response_batches": 9, "response_draft_copy_bytes": 0, "resumed": 0, "scalar_send_operations": 0, "send_completions": 9, "shards": 8, "short_send_completions": 0, "single_span_send_operations": 9, "timeouts": 0, "turns": 28, "worker_dispatches": 0, "workers": 0}, "wire_bytes": 17628}, {"phase": "ordered_boundaries", "stats": {"accepted": 5, "allocation_calls_after_start": 0, "batched_finished_responses": 33, "borrow_copies": 33, "bytes_received": 1691, "bytes_sent": 4644, "callbacks_per_turn": 256, "completed": 34, "execution": "inline_event_loop", "flushes": 2, "framework_heap_limit_bytes": 529530880, "framework_heap_peak_bytes": 9804816, "gather_cancel_requests": 0, "gather_canceled_completions": 0, "gather_send": true, "gather_send_operations": 11, "idle_polls": 8, "inline_dispatches": 36, "live_connections": 0, "live_operations": 0, "max_batch_responses": 8, "max_canceled_batch_responses": 0, "max_handler_ns": 0, "max_inline_callbacks_per_turn": 8, "max_loop_ns": 22971, "max_queue_ns": 0, "max_request_ns": 236718, "max_send_bytes": 1085, "max_send_parts": 1, "peak_connections": 1, "peak_operations": 16, "pipeline_copy_bytes": 207, "prearmed_receives": 0, "rejected": 1, "response_batch_limit": 16, "response_batches": 9, "response_draft_copy_bytes": 0, "resumed": 2, "scalar_send_operations": 0, "send_completions": 11, "shards": 8, "short_send_completions": 0, "single_span_send_operations": 11, "timeouts": 0, "turns": 42, "worker_dispatches": 0, "workers": 0}}, {"phase": "borrowed_finished_cells", "stats": {"accepted": 1, "allocation_calls_after_start": 0, "batched_finished_responses": 34, "borrow_copies": 33, "bytes_received": 2853, "bytes_sent": 5072, "callbacks_per_turn": 256, "completed": 34, "execution": "inline_event_loop", "flushes": 0, "framework_heap_limit_bytes": 529530880, "framework_heap_peak_bytes": 9804816, "gather_cancel_requests": 0, "gather_canceled_completions": 0, "gather_send": true, "gather_send_operations": 222, "idle_polls": 8, "inline_dispatches": 34, "live_connections": 0, "live_operations": 0, "max_batch_responses": 16, "max_canceled_batch_responses": 0, "max_handler_ns": 0, "max_inline_callbacks_per_turn": 16, "max_loop_ns": 11998, "max_queue_ns": 0, "max_request_ns": 512770, "max_send_bytes": 23, "max_send_parts": 1, "peak_connections": 1, "peak_operations": 16, "pipeline_copy_bytes": 1496, "prearmed_receives": 0, "rejected": 0, "response_batch_limit": 16, "response_batches": 3, "response_draft_copy_bytes": 0, "resumed": 0, "scalar_send_operations": 0, "send_completions": 222, "shards": 8, "short_send_completions": 0, "single_span_send_operations": 222, "timeouts": 0, "turns": 242, "worker_dispatches": 0, "workers": 0}}, {"phase": "output_boundary", "stats": {"accepted": 1, "allocation_calls_after_start": 0, "batched_finished_responses": 5, "borrow_copies": 4, "bytes_received": 1244, "bytes_sent": 666, "callbacks_per_turn": 256, "completed": 5, "execution": "inline_event_loop", "flushes": 0, "framework_heap_limit_bytes": 529530880, "framework_heap_peak_bytes": 1547280, "gather_cancel_requests": 0, "gather_canceled_completions": 0, "gather_send": true, "gather_send_operations": 1, "idle_polls": 8, "inline_dispatches": 5, "live_connections": 0, "live_operations": 0, "max_batch_responses": 5, "max_canceled_batch_responses": 0, "max_handler_ns": 0, "max_inline_callbacks_per_turn": 5, "max_loop_ns": 19038, "max_queue_ns": 0, "max_request_ns": 77953, "max_send_bytes": 666, "max_send_parts": 1, "peak_connections": 1, "peak_operations": 16, "pipeline_copy_bytes": 0, "prearmed_receives": 0, "rejected": 0, "response_batch_limit": 16, "response_batches": 1, "response_draft_copy_bytes": 0, "resumed": 0, "scalar_send_operations": 0, "send_completions": 1, "shards": 8, "short_send_completions": 0, "single_span_send_operations": 1, "timeouts": 0, "turns": 20, "worker_dispatches": 0, "workers": 0}}, {"kind": "generated", "phase": "maximum_cells", "send_chunk": 65536, "stats": {"accepted": 1, "allocation_calls_after_start": 0, "batched_finished_responses": 67, "borrow_copies": 0, "bytes_received": 6433, "bytes_sent": 13811, "callbacks_per_turn": 256, "completed": 67, "execution": "inline_event_loop", "flushes": 3, "framework_heap_limit_bytes": 529530880, "framework_heap_peak_bytes": 18570256, "gather_cancel_requests": 0, "gather_canceled_completions": 0, "gather_send": true, "gather_send_operations": 5, "idle_polls": 8, "inline_dispatches": 70, "live_connections": 0, "live_operations": 0, "max_batch_responses": 64, "max_canceled_batch_responses": 0, "max_handler_ns": 0, "max_inline_callbacks_per_turn": 64, "max_loop_ns": 19986, "max_queue_ns": 0, "max_request_ns": 547233, "max_send_bytes": 13334, "max_send_parts": 1, "peak_connections": 1, "peak_operations": 16, "pipeline_copy_bytes": 0, "prearmed_receives": 0, "rejected": 0, "response_batch_limit": 64, "response_batches": 5, "response_draft_copy_bytes": 0, "resumed": 3, "scalar_send_operations": 0, "send_completions": 5, "shards": 8, "short_send_completions": 0, "single_span_send_operations": 5, "timeouts": 0, "turns": 24, "worker_dispatches": 0, "workers": 0}}, {"kind": "generated", "phase": "maximum_cells", "send_chunk": 23, "stats": {"accepted": 1, "allocation_calls_after_start": 0, "batched_finished_responses": 67, "borrow_copies": 0, "bytes_received": 6433, "bytes_sent": 13811, "callbacks_per_turn": 256, "completed": 67, "execution": "inline_event_loop", "flushes": 3, "framework_heap_limit_bytes": 529530880, "framework_heap_peak_bytes": 18570256, "gather_cancel_requests": 0, "gather_canceled_completions": 0, "gather_send": true, "gather_send_operations": 602, "idle_polls": 8, "inline_dispatches": 70, "live_connections": 0, "live_operations": 0, "max_batch_responses": 64, "max_canceled_batch_responses": 0, "max_handler_ns": 0, "max_inline_callbacks_per_turn": 64, "max_loop_ns": 15584, "max_queue_ns": 0, "max_request_ns": 1925667, "max_send_bytes": 23, "max_send_parts": 1, "peak_connections": 1, "peak_operations": 16, "pipeline_copy_bytes": 0, "prearmed_receives": 0, "rejected": 0, "response_batch_limit": 64, "response_batches": 5, "response_draft_copy_bytes": 0, "resumed": 3, "scalar_send_operations": 0, "send_completions": 602, "shards": 8, "short_send_completions": 0, "single_span_send_operations": 602, "timeouts": 0, "turns": 621, "worker_dispatches": 0, "workers": 0}}, {"kind": "borrowed_body", "phase": "maximum_cells", "send_chunk": 65536, "stats": {"accepted": 1, "allocation_calls_after_start": 0, "batched_finished_responses": 67, "borrow_copies": 0, "bytes_received": 7332, "bytes_sent": 12861, "callbacks_per_turn": 256, "completed": 67, "execution": "inline_event_loop", "flushes": 3, "framework_heap_limit_bytes": 529530880, "framework_heap_peak_bytes": 18570256, "gather_cancel_requests": 0, "gather_canceled_completions": 0, "gather_send": true, "gather_send_operations": 5, "idle_polls": 8, "inline_dispatches": 70, "live_connections": 0, "live_operations": 0, "max_batch_responses": 64, "max_canceled_batch_responses": 0, "max_handler_ns": 0, "max_inline_callbacks_per_turn": 64, "max_loop_ns": 12591, "max_queue_ns": 0, "max_request_ns": 432921, "max_send_bytes": 12384, "max_send_parts": 129, "peak_connections": 1, "peak_operations": 16, "pipeline_copy_bytes": 0, "prearmed_receives": 0, "rejected": 0, "response_batch_limit": 64, "response_batches": 5, "response_draft_copy_bytes": 0, "resumed": 3, "scalar_send_operations": 0, "send_completions": 5, "shards": 8, "short_send_completions": 0, "single_span_send_operations": 4, "timeouts": 0, "turns": 24, "worker_dispatches": 0, "workers": 0}}, {"kind": "borrowed_body", "phase": "maximum_cells", "send_chunk": 23, "stats": {"accepted": 1, "allocation_calls_after_start": 0, "batched_finished_responses": 67, "borrow_copies": 0, "bytes_received": 7332, "bytes_sent": 12861, "callbacks_per_turn": 256, "completed": 67, "execution": "inline_event_loop", "flushes": 3, "framework_heap_limit_bytes": 529530880, "framework_heap_peak_bytes": 18570256, "gather_cancel_requests": 0, "gather_canceled_completions": 0, "gather_send": true, "gather_send_operations": 561, "idle_polls": 8, "inline_dispatches": 70, "live_connections": 0, "live_operations": 0, "max_batch_responses": 64, "max_canceled_batch_responses": 0, "max_handler_ns": 0, "max_inline_callbacks_per_turn": 64, "max_loop_ns": 10243, "max_queue_ns": 0, "max_request_ns": 1409281, "max_send_bytes": 23, "max_send_parts": 3, "peak_connections": 1, "peak_operations": 16, "pipeline_copy_bytes": 0, "prearmed_receives": 0, "rejected": 0, "response_batch_limit": 64, "response_batches": 5, "response_draft_copy_bytes": 0, "resumed": 3, "scalar_send_operations": 0, "send_completions": 561, "shards": 8, "short_send_completions": 0, "single_span_send_operations": 448, "timeouts": 0, "turns": 580, "worker_dispatches": 0, "workers": 0}}, {"phase": "fairness", "stats": {"accepted": 8, "allocation_calls_after_start": 0, "batched_finished_responses": 3584, "borrow_copies": 3584, "bytes_received": 157750, "bytes_sent": 476812, "callbacks_per_turn": 128, "completed": 3585, "execution": "inline_event_loop", "flushes": 0, "framework_heap_limit_bytes": 529530880, "framework_heap_peak_bytes": 4907536, "gather_cancel_requests": 0, "gather_canceled_completions": 0, "gather_send": true, "gather_send_operations": 232, "idle_polls": 16, "inline_dispatches": 3585, "live_connections": 0, "live_operations": 0, "max_batch_responses": 16, "max_canceled_batch_responses": 0, "max_handler_ns": 0, "max_inline_callbacks_per_turn": 17, "max_loop_ns": 97848, "max_queue_ns": 0, "max_request_ns": 494731, "max_send_bytes": 2128, "max_send_parts": 1, "peak_connections": 8, "peak_operations": 17, "pipeline_copy_bytes": 778736, "prearmed_receives": 0, "rejected": 0, "response_batch_limit": 16, "response_batches": 232, "response_draft_copy_bytes": 0, "resumed": 0, "scalar_send_operations": 0, "send_completions": 232, "shards": 8, "short_send_completions": 0, "single_span_send_operations": 232, "timeouts": 0, "turns": 292, "worker_dispatches": 0, "workers": 0}}, {"phase": "empty_flushes", "stats": {"accepted": 1, "allocation_calls_after_start": 0, "batched_finished_responses": 25, "borrow_copies": 153, "bytes_received": 1941, "bytes_sent": 3460, "callbacks_per_turn": 256, "completed": 26, "execution": "inline_event_loop", "flushes": 128, "framework_heap_limit_bytes": 529530880, "framework_heap_peak_bytes": 9804816, "gather_cancel_requests": 0, "gather_canceled_completions": 0, "gather_send": true, "gather_send_operations": 183, "idle_polls": 8, "inline_dispatches": 154, "live_connections": 0, "live_operations": 0, "max_batch_responses": 16, "max_canceled_batch_responses": 0, "max_handler_ns": 0, "max_inline_callbacks_per_turn": 16, "max_loop_ns": 12877, "max_queue_ns": 0, "max_request_ns": 408411, "max_send_bytes": 19, "max_send_parts": 1, "peak_connections": 1, "peak_operations": 16, "pipeline_copy_bytes": 1056, "prearmed_receives": 0, "rejected": 0, "response_batch_limit": 16, "response_batches": 131, "response_draft_copy_bytes": 0, "resumed": 128, "scalar_send_operations": 0, "send_completions": 183, "shards": 8, "short_send_completions": 0, "single_span_send_operations": 183, "timeouts": 0, "turns": 210, "worker_dispatches": 0, "workers": 0}}, {"asset_bytes": 65535, "phase": "multi_cell_cancel", "pipeline_depth": 16, "stats": {"accepted": 3, "allocation_calls_after_start": 0, "batched_finished_responses": 0, "borrow_copies": 2, "bytes_received": 808, "bytes_sent": 5450, "callbacks_per_turn": 32, "completed": 2, "execution": "inline_event_loop", "flushes": 0, "framework_heap_limit_bytes": 529530880, "framework_heap_peak_bytes": 1234576, "gather_cancel_requests": 1, "gather_canceled_completions": 0, "gather_send": true, "gather_send_operations": 5, "idle_polls": 1000, "inline_dispatches": 18, "live_connections": 0, "live_operations": 0, "max_batch_responses": 16, "max_canceled_batch_responses": 16, "max_handler_ns": 0, "max_inline_callbacks_per_turn": 16, "max_loop_ns": 34190, "max_queue_ns": 0, "max_request_ns": 78486, "max_send_bytes": 65536, "max_send_parts": 3, "peak_connections": 2, "peak_operations": 17, "pipeline_copy_bytes": 0, "prearmed_receives": 0, "rejected": 0, "response_batch_limit": 16, "response_batches": 3, "response_draft_copy_bytes": 0, "resumed": 0, "scalar_send_operations": 0, "send_completions": 5, "shards": 8, "short_send_completions": 2, "single_span_send_operations": 2, "timeouts": 1, "turns": 1021, "worker_dispatches": 0, "workers": 0}}, {"overlap": 0, "phase": "cancel_shutdown", "stats": {"accepted": 4, "allocation_calls_after_start": 0, "batched_finished_responses": 10, "borrow_copies": 12, "bytes_received": 2097775, "bytes_sent": 67132, "callbacks_per_turn": 128, "completed": 12, "execution": "inline_event_loop", "flushes": 1, "framework_heap_limit_bytes": 529530880, "framework_heap_peak_bytes": 273211920, "gather_cancel_requests": 1, "gather_canceled_completions": 0, "gather_send": true, "gather_send_operations": 7, "idle_polls": 999, "inline_dispatches": 13, "live_connections": 0, "live_operations": 0, "max_batch_responses": 7, "max_canceled_batch_responses": 1, "max_handler_ns": 0, "max_inline_callbacks_per_turn": 7, "max_loop_ns": 19846, "max_queue_ns": 0, "max_request_ns": 2082314, "max_send_bytes": 65536, "max_send_parts": 2, "peak_connections": 2, "peak_operations": 19, "pipeline_copy_bytes": 65204, "prearmed_receives": 0, "rejected": 0, "response_batch_limit": 16, "response_batches": 5, "response_draft_copy_bytes": 0, "resumed": 0, "scalar_send_operations": 0, "send_completions": 7, "shards": 8, "short_send_completions": 2, "single_span_send_operations": 6, "timeouts": 1, "turns": 1032, "worker_dispatches": 0, "workers": 0}}, {"overlap": 1, "phase": "cancel_shutdown", "stats": {"accepted": 4, "allocation_calls_after_start": 0, "batched_finished_responses": 10, "borrow_copies": 12, "bytes_received": 2097775, "bytes_sent": 67132, "callbacks_per_turn": 128, "completed": 12, "execution": "inline_event_loop", "flushes": 1, "framework_heap_limit_bytes": 529530880, "framework_heap_peak_bytes": 273211920, "gather_cancel_requests": 1, "gather_canceled_completions": 0, "gather_send": true, "gather_send_operations": 7, "idle_polls": 999, "inline_dispatches": 13, "live_connections": 0, "live_operations": 0, "max_batch_responses": 7, "max_canceled_batch_responses": 1, "max_handler_ns": 0, "max_inline_callbacks_per_turn": 7, "max_loop_ns": 43558, "max_queue_ns": 0, "max_request_ns": 2081329, "max_send_bytes": 65536, "max_send_parts": 2, "peak_connections": 2, "peak_operations": 20, "pipeline_copy_bytes": 65204, "prearmed_receives": 4, "rejected": 0, "response_batch_limit": 16, "response_batches": 5, "response_draft_copy_bytes": 0, "resumed": 0, "scalar_send_operations": 0, "send_completions": 7, "shards": 8, "short_send_completions": 2, "single_span_send_operations": 6, "timeouts": 1, "turns": 1029, "worker_dispatches": 0, "workers": 0}}], "tests": [{"name": "batch_limit_configuration_rejected", "ok": true}, {"name": "mixed_31_32_limit_1_aggregate_65536", "ok": true}, {"name": "mixed_31_32_limit_2_aggregate_65536", "ok": true}, {"name": "mixed_31_32_limit_4_aggregate_65536", "ok": true}, {"name": "mixed_31_32_limit_16_aggregate_65536", "ok": true}, {"name": "mixed_31_32_limit_16_aggregate_1", "ok": true}, {"name": "mixed_31_32_limit_16_aggregate_17", "ok": true}, {"name": "distinct_generated_output_cells_limit_1", "ok": true}, {"name": "distinct_generated_output_cells_limit_16", "ok": true}, {"name": "deep_generated_pipeline_32_batch_limit_16_and_reuse", "ok": true}, {"name": "deep_borrowed_body_pipeline_32_batch_limit_16_and_reuse", "ok": true}, {"name": "deep_generated_pipeline_64_batch_limit_16_and_reuse", "ok": true}, {"name": "deep_borrowed_body_pipeline_64_batch_limit_16_and_reuse", "ok": true}, {"name": "deep_generated_pipeline_128_batch_limit_16_and_reuse", "ok": true}, {"name": "deep_borrowed_body_pipeline_128_batch_limit_16_and_reuse", "ok": true}, {"name": "deep_generated_pipeline_128_batch_limit_16_and_reuse_overlap", "ok": true}, {"name": "deep_borrowed_body_pipeline_128_batch_limit_16_and_reuse_overlap", "ok": true}, {"name": "incomplete_expect_rejection_and_close_preserve_prefix_order", "ok": true}, {"name": "distinct_finished_request_bodies_and_headers_survive_partial_sends", "ok": true}, {"name": "buffered_demo_output_limit_returns_ordered_413", "ok": true}, {"name": "maximum_64_generated_chunked_cells_cap_65536", "ok": true}, {"name": "maximum_64_generated_chunked_cells_cap_23", "ok": true}, {"name": "maximum_64_borrowed_body_chunked_cells_cap_65536", "ok": true}, {"name": "maximum_64_borrowed_body_chunked_cells_cap_23", "ok": true}, {"name": "global_callback_budget_rotates_busy_connections", "ok": true}, {"name": "batch_flush_barrier_and_128_empty_resumes", "ok": true}, {"name": "multi_cell_frozen_batch_deadline_cancel_and_recovery", "ok": true}, {"name": "borrowed_batch_slow_reader_deadline_recovery_shutdown", "ok": true}, {"name": "borrowed_batch_slow_reader_deadline_recovery_shutdown_overlap", "ok": true}], "tool": "zig-http-batch-integration"}
PASS inline_plaintext_scalar_operation_count
PASS inline_plaintext_gather_operation_count
PASS workers_plaintext_scalar_operation_count
PASS workers_plaintext_gather_operation_count
PASS gather_wire_aggregate_cap_1
PASS gather_wire_aggregate_cap_7
PASS gather_wire_aggregate_cap_119
PASS gather_wire_aggregate_cap_120
PASS gather_wire_aggregate_cap_121
PASS gather_wire_aggregate_cap_65536
PASS pending_gather_send_cancellation_drains_owners_and_recovers
{"ok": true, "passed": 11, "platform": "linux", "schema_version": 1, "seconds": 1.457691, "server": "/tmp/zig-http.5rzl6V/zig-out/bin/zig-http", "sessions": [{"execution": "inline", "gather_send": 0, "phase": "operation_count", "stats": {"accepted": 1, "allocation_calls_after_start": 0, "batched_finished_responses": 0, "borrow_copies": 0, "bytes_received": 44, "bytes_sent": 133, "callbacks_per_turn": 16, "completed": 1, "execution": "inline_event_loop", "flushes": 0, "framework_heap_limit_bytes": 529530880, "framework_heap_peak_bytes": 9605136, "gather_cancel_requests": 0, "gather_canceled_completions": 0, "gather_send": false, "gather_send_operations": 0, "idle_polls": 8, "inline_dispatches": 1, "live_connections": 0, "live_operations": 0, "max_batch_responses": 1, "max_canceled_batch_responses": 0, "max_handler_ns": 0, "max_inline_callbacks_per_turn": 1, "max_loop_ns": 12429, "max_queue_ns": 0, "max_request_ns": 47294, "max_send_bytes": 120, "max_send_parts": 1, "peak_connections": 1, "peak_operations": 16, "pipeline_copy_bytes": 0, "prearmed_receives": 0, "rejected": 0, "response_batch_limit": 1, "response_batches": 1, "response_draft_copy_bytes": 0, "resumed": 0, "scalar_send_operations": 2, "send_completions": 2, "shards": 8, "short_send_completions": 0, "single_span_send_operations": 0, "timeouts": 0, "turns": 21, "worker_dispatches": 0, "workers": 0}}, {"execution": "inline", "gather_send": 1, "phase": "operation_count", "stats": {"accepted": 1, "allocation_calls_after_start": 0, "batched_finished_responses": 0, "borrow_copies": 0, "bytes_received": 44, "bytes_sent": 133, "callbacks_per_turn": 16, "completed": 1, "execution": "inline_event_loop", "flushes": 0, "framework_heap_limit_bytes": 529530880, "framework_heap_peak_bytes": 9605136, "gather_cancel_requests": 0, "gather_canceled_completions": 0, "gather_send": true, "gather_send_operations": 1, "idle_polls": 7, "inline_dispatches": 1, "live_connections": 0, "live_operations": 0, "max_batch_responses": 1, "max_canceled_batch_responses": 0, "max_handler_ns": 0, "max_inline_callbacks_per_turn": 1, "max_loop_ns": 25454, "max_queue_ns": 0, "max_request_ns": 86296, "max_send_bytes": 133, "max_send_parts": 2, "peak_connections": 1, "peak_operations": 16, "pipeline_copy_bytes": 0, "prearmed_receives": 0, "rejected": 0, "response_batch_limit": 1, "response_batches": 1, "response_draft_copy_bytes": 0, "resumed": 0, "scalar_send_operations": 0, "send_completions": 1, "shards": 8, "short_send_completions": 0, "single_span_send_operations": 0, "timeouts": 0, "turns": 19, "worker_dispatches": 0, "workers": 0}}, {"execution": "workers", "gather_send": 0, "phase": "operation_count", "stats": {"accepted": 1, "allocation_calls_after_start": 0, "batched_finished_responses": 0, "borrow_copies": 0, "bytes_received": 44, "bytes_sent": 133, "callbacks_per_turn": 16, "completed": 1, "execution": "workers", "flushes": 0, "framework_heap_limit_bytes": 534773760, "framework_heap_peak_bytes": 1200890, "gather_cancel_requests": 0, "gather_canceled_completions": 0, "gather_send": false, "gather_send_operations": 0, "idle_polls": 1, "inline_dispatches": 0, "live_connections": 0, "live_operations": 0, "max_batch_responses": 1, "max_canceled_batch_responses": 0, "max_handler_ns": 0, "max_inline_callbacks_per_turn": 0, "max_loop_ns": 12760, "max_queue_ns": 0, "max_request_ns": 63317, "max_send_bytes": 120, "max_send_parts": 1, "peak_connections": 1, "peak_operations": 2, "pipeline_copy_bytes": 0, "prearmed_receives": 0, "rejected": 0, "response_batch_limit": 1, "response_batches": 1, "response_draft_copy_bytes": 0, "resumed": 0, "scalar_send_operations": 2, "send_completions": 2, "shards": 1, "short_send_completions": 0, "single_span_send_operations": 0, "timeouts": 0, "turns": 7, "worker_dispatches": 1, "workers": 2}}, {"execution": "workers", "gather_send": 1, "phase": "operation_count", "stats": {"accepted": 1, "allocation_calls_after_start": 0, "batched_finished_responses": 0, "borrow_copies": 0, "bytes_received": 44, "bytes_sent": 133, "callbacks_per_turn": 16, "completed": 1, "execution": "workers", "flushes": 0, "framework_heap_limit_bytes": 534773760, "framework_heap_peak_bytes": 1200890, "gather_cancel_requests": 0, "gather_canceled_completions": 0, "gather_send": true, "gather_send_operations": 1, "idle_polls": 1, "inline_dispatches": 0, "live_connections": 0, "live_operations": 0, "max_batch_responses": 1, "max_canceled_batch_responses": 0, "max_handler_ns": 0, "max_inline_callbacks_per_turn": 0, "max_loop_ns": 13226, "max_queue_ns": 0, "max_request_ns": 78282, "max_send_bytes": 133, "max_send_parts": 2, "peak_connections": 1, "peak_operations": 2, "pipeline_copy_bytes": 0, "prearmed_receives": 0, "rejected": 0, "response_batch_limit": 1, "response_batches": 1, "response_draft_copy_bytes": 0, "resumed": 0, "scalar_send_operations": 0, "send_completions": 1, "shards": 1, "short_send_completions": 0, "single_span_send_operations": 0, "timeouts": 0, "turns": 6, "worker_dispatches": 1, "workers": 2}}, {"phase": "wire_boundaries", "plaintext_header_bytes": 120, "send_chunk": 1, "stats": {"accepted": 1, "allocation_calls_after_start": 0, "batched_finished_responses": 0, "borrow_copies": 0, "bytes_received": 2028, "bytes_sent": 4225, "callbacks_per_turn": 16, "completed": 22, "execution": "inline_event_loop", "flushes": 4, "framework_heap_limit_bytes": 529530880, "framework_heap_peak_bytes": 9605136, "gather_cancel_requests": 0, "gather_canceled_completions": 0, "gather_send": true, "gather_send_operations": 4225, "idle_polls": 15, "inline_dispatches": 26, "live_connections": 0, "live_operations": 0, "max_batch_responses": 1, "max_canceled_batch_responses": 0, "max_handler_ns": 0, "max_inline_callbacks_per_turn": 1, "max_loop_ns": 4294, "max_queue_ns": 0, "max_request_ns": 2629118, "max_send_bytes": 1, "max_send_parts": 1, "peak_connections": 1, "peak_operations": 16, "pipeline_copy_bytes": 5368, "prearmed_receives": 0, "rejected": 0, "response_batch_limit": 1, "response_batches": 26, "response_draft_copy_bytes": 0, "resumed": 4, "scalar_send_operations": 0, "send_completions": 4225, "shards": 8, "short_send_completions": 0, "single_span_send_operations": 4225, "timeouts": 0, "turns": 4254, "worker_dispatches": 0, "workers": 0}}, {"phase": "wire_boundaries", "plaintext_header_bytes": 120, "send_chunk": 7, "stats": {"accepted": 1, "allocation_calls_after_start": 0, "batched_finished_responses": 0, "borrow_copies": 0, "bytes_received": 2028, "bytes_sent": 4225, "callbacks_per_turn": 16, "completed": 22, "execution": "inline_event_loop", "flushes": 4, "framework_heap_limit_bytes": 529530880, "framework_heap_peak_bytes": 9605136, "gather_cancel_requests": 0, "gather_canceled_completions": 0, "gather_send": true, "gather_send_operations": 606, "idle_polls": 8, "inline_dispatches": 26, "live_connections": 0, "live_operations": 0, "max_batch_responses": 1, "max_canceled_batch_responses": 0, "max_handler_ns": 0, "max_inline_callbacks_per_turn": 1, "max_loop_ns": 4728, "max_queue_ns": 0, "max_request_ns": 401417, "max_send_bytes": 7, "max_send_parts": 2, "peak_connections": 1, "peak_operations": 16, "pipeline_copy_bytes": 5368, "prearmed_receives": 0, "rejected": 0, "response_batch_limit": 1, "response_batches": 26, "response_draft_copy_bytes": 0, "resumed": 4, "scalar_send_operations": 0, "send_completions": 606, "shards": 8, "short_send_completions": 0, "single_span_send_operations": 587, "timeouts": 0, "turns": 628, "worker_dispatches": 0, "workers": 0}}, {"phase": "wire_boundaries", "plaintext_header_bytes": 120, "send_chunk": 119, "stats": {"accepted": 1, "allocation_calls_after_start": 0, "batched_finished_responses": 0, "borrow_copies": 0, "bytes_received": 2028, "bytes_sent": 4225, "callbacks_per_turn": 16, "completed": 22, "execution": "inline_event_loop", "flushes": 4, "framework_heap_limit_bytes": 529530880, "framework_heap_peak_bytes": 9605136, "gather_cancel_requests": 0, "gather_canceled_completions": 0, "gather_send": true, "gather_send_operations": 57, "idle_polls": 8, "inline_dispatches": 26, "live_connections": 0, "live_operations": 0, "max_batch_responses": 1, "max_canceled_batch_responses": 0, "max_handler_ns": 0, "max_inline_callbacks_per_turn": 1, "max_loop_ns": 7782, "max_queue_ns": 0, "max_request_ns": 90932, "max_send_bytes": 119, "max_send_parts": 2, "peak_connections": 1, "peak_operations": 16, "pipeline_copy_bytes": 5368, "prearmed_receives": 0, "rejected": 0, "response_batch_limit": 1, "response_batches": 26, "response_draft_copy_bytes": 0, "resumed": 4, "scalar_send_operations": 0, "send_completions": 57, "shards": 8, "short_send_completions": 0, "single_span_send_operations": 37, "timeouts": 0, "turns": 79, "worker_dispatches": 0, "workers": 0}}, {"phase": "wire_boundaries", "plaintext_header_bytes": 120, "send_chunk": 120, "stats": {"accepted": 1, "allocation_calls_after_start": 0, "batched_finished_responses": 0, "borrow_copies": 0, "bytes_received": 2028, "bytes_sent": 4225, "callbacks_per_turn": 16, "completed": 22, "execution": "inline_event_loop", "flushes": 4, "framework_heap_limit_bytes": 529530880, "framework_heap_peak_bytes": 9605136, "gather_cancel_requests": 0, "gather_canceled_completions": 0, "gather_send": true, "gather_send_operations": 56, "idle_polls": 8, "inline_dispatches": 26, "live_connections": 0, "live_operations": 0, "max_batch_responses": 1, "max_canceled_batch_responses": 0, "max_handler_ns": 0, "max_inline_callbacks_per_turn": 1, "max_loop_ns": 6443, "max_queue_ns": 0, "max_request_ns": 65290, "max_send_bytes": 120, "max_send_parts": 2, "peak_connections": 1, "peak_operations": 16, "pipeline_copy_bytes": 5368, "prearmed_receives": 0, "rejected": 0, "response_batch_limit": 1, "response_batches": 26, "response_draft_copy_bytes": 0, "resumed": 4, "scalar_send_operations": 0, "send_completions": 56, "shards": 8, "short_send_completions": 0, "single_span_send_operations": 54, "timeouts": 0, "turns": 78, "worker_dispatches": 0, "workers": 0}}, {"phase": "wire_boundaries", "plaintext_header_bytes": 120, "send_chunk": 121, "stats": {"accepted": 1, "allocation_calls_after_start": 0, "batched_finished_responses": 0, "borrow_copies": 0, "bytes_received": 2028, "bytes_sent": 4225, "callbacks_per_turn": 16, "completed": 22, "execution": "inline_event_loop", "flushes": 4, "framework_heap_limit_bytes": 529530880, "framework_heap_peak_bytes": 9605136, "gather_cancel_requests": 0, "gather_canceled_completions": 0, "gather_send": true, "gather_send_operations": 56, "idle_polls": 8, "inline_dispatches": 26, "live_connections": 0, "live_operations": 0, "max_batch_responses": 1, "max_canceled_batch_responses": 0, "max_handler_ns": 0, "max_inline_callbacks_per_turn": 1, "max_loop_ns": 7474, "max_queue_ns": 0, "max_request_ns": 62668, "max_send_bytes": 121, "max_send_parts": 2, "peak_connections": 1, "peak_operations": 16, "pipeline_copy_bytes": 5368, "prearmed_receives": 0, "rejected": 0, "response_batch_limit": 1, "response_batches": 26, "response_draft_copy_bytes": 0, "resumed": 4, "scalar_send_operations": 0, "send_completions": 56, "shards": 8, "short_send_completions": 0, "single_span_send_operations": 36, "timeouts": 0, "turns": 78, "worker_dispatches": 0, "workers": 0}}, {"phase": "wire_boundaries", "plaintext_header_bytes": 120, "send_chunk": 65536, "stats": {"accepted": 1, "allocation_calls_after_start": 0, "batched_finished_responses": 0, "borrow_copies": 0, "bytes_received": 2028, "bytes_sent": 4225, "callbacks_per_turn": 16, "completed": 22, "execution": "inline_event_loop", "flushes": 4, "framework_heap_limit_bytes": 529530880, "framework_heap_peak_bytes": 9605136, "gather_cancel_requests": 0, "gather_canceled_completions": 0, "gather_send": true, "gather_send_operations": 25, "idle_polls": 8, "inline_dispatches": 26, "live_connections": 0, "live_operations": 0, "max_batch_responses": 1, "max_canceled_batch_responses": 0, "max_handler_ns": 0, "max_inline_callbacks_per_turn": 1, "max_loop_ns": 9022, "max_queue_ns": 0, "max_request_ns": 46010, "max_send_bytes": 1160, "max_send_parts": 2, "peak_connections": 1, "peak_operations": 16, "pipeline_copy_bytes": 5368, "prearmed_receives": 0, "rejected": 0, "response_batch_limit": 1, "response_batches": 26, "response_draft_copy_bytes": 0, "resumed": 4, "scalar_send_operations": 0, "send_completions": 25, "shards": 8, "short_send_completions": 0, "single_span_send_operations": 5, "timeouts": 0, "turns": 47, "worker_dispatches": 0, "workers": 0}}, {"phase": "pending_gather_cancellation", "stats": {"accepted": 3, "allocation_calls_after_start": 0, "batched_finished_responses": 0, "borrow_copies": 2, "bytes_received": 2097305, "bytes_sent": 65802, "callbacks_per_turn": 4, "completed": 2, "execution": "inline_event_loop", "flushes": 1, "framework_heap_limit_bytes": 529530880, "framework_heap_peak_bytes": 136561168, "gather_cancel_requests": 1, "gather_canceled_completions": 0, "gather_send": true, "gather_send_operations": 5, "idle_polls": 1000, "inline_dispatches": 3, "live_connections": 0, "live_operations": 0, "max_batch_responses": 1, "max_canceled_batch_responses": 1, "max_handler_ns": 0, "max_inline_callbacks_per_turn": 1, "max_loop_ns": 26239, "max_queue_ns": 0, "max_request_ns": 88771, "max_send_bytes": 65536, "max_send_parts": 2, "peak_connections": 2, "peak_operations": 17, "pipeline_copy_bytes": 0, "prearmed_receives": 0, "rejected": 0, "response_batch_limit": 1, "response_batches": 3, "response_draft_copy_bytes": 0, "resumed": 0, "scalar_send_operations": 0, "send_completions": 5, "shards": 8, "short_send_completions": 2, "single_span_send_operations": 4, "timeouts": 1, "turns": 1030, "worker_dispatches": 0, "workers": 0}}], "tests": [{"name": "inline_plaintext_scalar_operation_count", "ok": true}, {"name": "inline_plaintext_gather_operation_count", "ok": true}, {"name": "workers_plaintext_scalar_operation_count", "ok": true}, {"name": "workers_plaintext_gather_operation_count", "ok": true}, {"name": "gather_wire_aggregate_cap_1", "ok": true}, {"name": "gather_wire_aggregate_cap_7", "ok": true}, {"name": "gather_wire_aggregate_cap_119", "ok": true}, {"name": "gather_wire_aggregate_cap_120", "ok": true}, {"name": "gather_wire_aggregate_cap_121", "ok": true}, {"name": "gather_wire_aggregate_cap_65536", "ok": true}, {"name": "pending_gather_send_cancellation_drains_owners_and_recovers", "ok": true}], "tool": "zig-http-gather-integration"}
PASS explicit_inline_configuration_and_zero_worker_default
PASS inline_plaintext
PASS inline_pipeline_16_partial_sends_and_close
PASS inline_borrowed_echo_at_body_limit
PASS inline_chunked_flush_resume_then_pipeline
PASS inline_128_empty_flushes_without_idle_poll_wait
PASS inline_malformed_and_oversize_rejection_then_recovery
PASS inline_blocking_demo_route_disabled
PASS inline_connection_cap_deadlines_and_recovery
PASS inline_shutdown_with_live_receive_and_partial_send_borrows
{"ok": true, "passed": 10, "platform": "linux", "python": "3.14.7", "schema_version": 1, "seconds": 0.528442, "server": "/tmp/zig-http.5rzl6V/zig-out/bin/zig-http", "sessions": [{"backend": "io_uring", "phase": "wire", "stats": {"accepted": 9, "allocation_calls_after_start": 0, "batched_finished_responses": 0, "borrow_copies": 148, "bytes_received": 3056, "bytes_sent": 4431, "callbacks_per_turn": 16, "completed": 24, "execution": "inline_event_loop", "flushes": 132, "framework_heap_limit_bytes": 529530880, "framework_heap_peak_bytes": 9605136, "gather_cancel_requests": 0, "gather_canceled_completions": 0, "gather_send": true, "gather_send_operations": 637, "idle_polls": 8, "inline_dispatches": 156, "live_connections": 0, "live_operations": 0, "max_batch_responses": 1, "max_canceled_batch_responses": 0, "max_handler_ns": 0, "max_inline_callbacks_per_turn": 1, "max_loop_ns": 23000, "max_queue_ns": 0, "max_request_ns": 580176, "max_send_bytes": 7, "max_send_parts": 2, "peak_connections": 1, "peak_operations": 16, "pipeline_copy_bytes": 5653, "prearmed_receives": 0, "rejected": 2, "response_batch_limit": 1, "response_batches": 156, "response_draft_copy_bytes": 0, "resumed": 132, "scalar_send_operations": 0, "send_completions": 637, "shards": 8, "short_send_completions": 0, "single_span_send_operations": 636, "timeouts": 0, "turns": 805, "worker_dispatches": 0, "workers": 0}}, {"backend": "io_uring", "phase": "capacity_deadline", "stats": {"accepted": 3, "allocation_calls_after_start": 0, "batched_finished_responses": 0, "borrow_copies": 1, "bytes_received": 104, "bytes_sent": 133, "callbacks_per_turn": 2, "completed": 1, "execution": "inline_event_loop", "flushes": 0, "framework_heap_limit_bytes": 529530880, "framework_heap_peak_bytes": 1209616, "gather_cancel_requests": 0, "gather_canceled_completions": 0, "gather_send": true, "gather_send_operations": 1, "idle_polls": 167, "inline_dispatches": 1, "live_connections": 0, "live_operations": 0, "max_batch_responses": 1, "max_canceled_batch_responses": 0, "max_handler_ns": 0, "max_inline_callbacks_per_turn": 1, "max_loop_ns": 51314, "max_queue_ns": 0, "max_request_ns": 35421, "max_send_bytes": 133, "max_send_parts": 1, "peak_connections": 2, "peak_operations": 18, "pipeline_copy_bytes": 0, "prearmed_receives": 0, "rejected": 1, "response_batch_limit": 1, "response_batches": 1, "response_draft_copy_bytes": 0, "resumed": 0, "scalar_send_operations": 0, "send_completions": 1, "shards": 8, "short_send_completions": 0, "single_span_send_operations": 1, "timeouts": 2, "turns": 186, "worker_dispatches": 0, "workers": 0}}, {"backend": "io_uring", "phase": "shutdown", "stats": {"accepted": 3, "allocation_calls_after_start": 0, "batched_finished_responses": 0, "borrow_copies": 1, "bytes_received": 2097291, "bytes_sent": 65669, "callbacks_per_turn": 4, "completed": 1, "execution": "inline_event_loop", "flushes": 1, "framework_heap_limit_bytes": 529530880, "framework_heap_peak_bytes": 136561168, "gather_cancel_requests": 1, "gather_canceled_completions": 0, "gather_send": true, "gather_send_operations": 4, "idle_polls": 85, "inline_dispatches": 2, "live_connections": 0, "live_operations": 0, "max_batch_responses": 1, "max_canceled_batch_responses": 1, "max_handler_ns": 0, "max_inline_callbacks_per_turn": 1, "max_loop_ns": 88820, "max_queue_ns": 0, "max_request_ns": 33413, "max_send_bytes": 65536, "max_send_parts": 2, "peak_connections": 3, "peak_operations": 20, "pipeline_copy_bytes": 0, "prearmed_receives": 0, "rejected": 0, "response_batch_limit": 1, "response_batches": 2, "response_draft_copy_bytes": 0, "resumed": 0, "scalar_send_operations": 0, "send_completions": 4, "shards": 8, "short_send_completions": 2, "single_span_send_operations": 3, "timeouts": 0, "turns": 111, "worker_dispatches": 0, "workers": 0}}], "tests": [{"name": "explicit_inline_configuration_and_zero_worker_default", "ok": true, "seconds": 0.130475}, {"name": "inline_plaintext", "ok": true, "seconds": 0.00122}, {"name": "inline_pipeline_16_partial_sends_and_close", "ok": true, "seconds": 0.001231}, {"name": "inline_borrowed_echo_at_body_limit", "ok": true, "seconds": 0.000666}, {"name": "inline_chunked_flush_resume_then_pipeline", "ok": true, "seconds": 0.000281}, {"name": "inline_128_empty_flushes_without_idle_poll_wait", "ok": true, "seconds": 0.0004}, {"name": "inline_malformed_and_oversize_rejection_then_recovery", "ok": true, "seconds": 0.000627}, {"name": "inline_blocking_demo_route_disabled", "ok": true, "seconds": 0.000249}, {"name": "inline_connection_cap_deadlines_and_recovery", "ok": true, "seconds": 0.204842}, {"name": "inline_shutdown_with_live_receive_and_partial_send_borrows", "ok": true, "seconds": 0.17855}], "tool": "zig-http-inline-integration"}
PASS plaintext
PASS head_then_keepalive
PASS startup_loaded_html
PASS unknown_route
PASS absolute_uri_case_insensitive_scheme_and_query
PASS fragmented_headers_and_binary_body
PASS exact_body_limit
PASS chunked_echo_and_pipeline_suffix
PASS expect_100_continue
PASS pipeline_16_and_connection_close
PASS multiple_flushes_partial_sends_and_resume
PASS oversize_content_length
PASS oversize_expect_without_100
PASS oversize_header_block
PASS conflicting_framing
PASS conflicting_lengths
PASS missing_host
PASS whitespace_before_field_colon
PASS unsupported_expectation
PASS cumulative_chunked_body_limit
PASS healthy_progress_while_other_worker_stalls
PASS connection_cap_and_recovery
PASS simultaneous_connection_and_body_limits_then_recovery
PASS incomplete_and_handler_deadlines_then_recovery
PASS slow_reader_bounded_output_and_deadline
PASS shutdown_with_live_receive_and_worker_borrows
{"ok": true, "passed": 26, "platform": "linux", "python": "3.14.7", "schema_version": 1, "seconds": 4.054173, "server": "/tmp/zig-http.5rzl6V/zig-out/bin/zig-http", "sessions": [{"backend": "io_uring", "phase": "wire", "stats": {"accepted": 32, "allocation_calls_after_start": 0, "batched_finished_responses": 0, "borrow_copies": 40, "bytes_received": 6820, "bytes_sent": 7642, "callbacks_per_turn": 16, "completed": 41, "execution": "workers", "flushes": 8, "framework_heap_limit_bytes": 534773760, "framework_heap_peak_bytes": 1200890, "gather_cancel_requests": 0, "gather_canceled_completions": 0, "gather_send": true, "gather_send_operations": 1105, "idle_polls": 148, "inline_dispatches": 0, "live_connections": 0, "live_operations": 0, "max_batch_responses": 1, "max_canceled_batch_responses": 0, "max_handler_ns": 0, "max_inline_callbacks_per_turn": 0, "max_loop_ns": 37433, "max_queue_ns": 0, "max_request_ns": 1000229299, "max_send_bytes": 7, "max_send_parts": 2, "peak_connections": 2, "peak_operations": 2, "pipeline_copy_bytes": 5653, "prearmed_receives": 0, "rejected": 9, "response_batch_limit": 1, "response_batches": 49, "response_draft_copy_bytes": 0, "resumed": 8, "scalar_send_operations": 0, "send_completions": 1105, "shards": 1, "short_send_completions": 0, "single_span_send_operations": 1104, "timeouts": 0, "turns": 1472, "worker_dispatches": 49, "workers": 2}}, {"backend": "io_uring", "phase": "capacity", "stats": {"accepted": 3, "allocation_calls_after_start": 0, "batched_finished_responses": 0, "borrow_copies": 1, "bytes_received": 104, "bytes_sent": 265, "callbacks_per_turn": 2, "completed": 1, "execution": "workers", "flushes": 0, "framework_heap_limit_bytes": 534773760, "framework_heap_peak_bytes": 151450, "gather_cancel_requests": 0, "gather_canceled_completions": 0, "gather_send": true, "gather_send_operations": 3, "idle_polls": 20, "inline_dispatches": 0, "live_connections": 0, "live_operations": 0, "max_batch_responses": 1, "max_canceled_batch_responses": 0, "max_handler_ns": 0, "max_inline_callbacks_per_turn": 0, "max_loop_ns": 23803, "max_queue_ns": 0, "max_request_ns": 31538, "max_send_bytes": 133, "max_send_parts": 1, "peak_connections": 2, "peak_operations": 3, "pipeline_copy_bytes": 0, "prearmed_receives": 0, "rejected": 3, "response_batch_limit": 1, "response_batches": 1, "response_draft_copy_bytes": 0, "resumed": 0, "scalar_send_operations": 0, "send_completions": 3, "shards": 1, "short_send_completions": 0, "single_span_send_operations": 3, "timeouts": 0, "turns": 32, "worker_dispatches": 1, "workers": 2}}, {"backend": "io_uring", "phase": "combined_capacity", "stats": {"accepted": 5, "allocation_calls_after_start": 0, "batched_finished_responses": 0, "borrow_copies": 1, "bytes_received": 4388, "bytes_sent": 4773, "callbacks_per_turn": 4, "completed": 5, "execution": "workers", "flushes": 4, "framework_heap_limit_bytes": 534773760, "framework_heap_peak_bytes": 301370, "gather_cancel_requests": 0, "gather_canceled_completions": 0, "gather_send": true, "gather_send_operations": 5, "idle_polls": 21, "inline_dispatches": 0, "live_connections": 0, "live_operations": 0, "max_batch_responses": 1, "max_canceled_batch_responses": 0, "max_handler_ns": 0, "max_inline_callbacks_per_turn": 0, "max_loop_ns": 55873, "max_queue_ns": 0, "max_request_ns": 101283418, "max_send_bytes": 1160, "max_send_parts": 2, "peak_connections": 4, "peak_operations": 5, "pipeline_copy_bytes": 0, "prearmed_receives": 0, "rejected": 1, "response_batch_limit": 1, "response_batches": 9, "response_draft_copy_bytes": 0, "resumed": 4, "scalar_send_operations": 0, "send_completions": 5, "shards": 1, "short_send_completions": 0, "single_span_send_operations": 1, "timeouts": 0, "turns": 40, "worker_dispatches": 9, "workers": 2}}, {"backend": "io_uring", "phase": "deadlines", "stats": {"accepted": 4, "allocation_calls_after_start": 0, "batched_finished_responses": 0, "borrow_copies": 2, "bytes_received": 158, "bytes_sent": 266, "callbacks_per_turn": 4, "completed": 2, "execution": "workers", "flushes": 0, "framework_heap_limit_bytes": 535822336, "framework_heap_peak_bytes": 301330, "gather_cancel_requests": 0, "gather_canceled_completions": 0, "gather_send": true, "gather_send_operations": 2, "idle_polls": 97, "inline_dispatches": 0, "live_connections": 0, "live_operations": 0, "max_batch_responses": 1, "max_canceled_batch_responses": 0, "max_handler_ns": 0, "max_inline_callbacks_per_turn": 0, "max_loop_ns": 79006, "max_queue_ns": 0, "max_request_ns": 64527, "max_send_bytes": 133, "max_send_parts": 1, "peak_connections": 1, "peak_operations": 3, "pipeline_copy_bytes": 0, "prearmed_receives": 0, "rejected": 0, "response_batch_limit": 1, "response_batches": 2, "response_draft_copy_bytes": 0, "resumed": 0, "scalar_send_operations": 0, "send_completions": 2, "shards": 1, "short_send_completions": 0, "single_span_send_operations": 2, "timeouts": 2, "turns": 110, "worker_dispatches": 3, "workers": 1}}, {"backend": "io_uring", "phase": "slow_reader", "stats": {"accepted": 3, "allocation_calls_after_start": 0, "batched_finished_responses": 0, "borrow_copies": 2, "bytes_received": 2097305, "bytes_sent": 65802, "callbacks_per_turn": 4, "completed": 2, "execution": "workers", "flushes": 1, "framework_heap_limit_bytes": 534773760, "framework_heap_peak_bytes": 17070394, "gather_cancel_requests": 1, "gather_canceled_completions": 0, "gather_send": true, "gather_send_operations": 5, "idle_polls": 127, "inline_dispatches": 0, "live_connections": 0, "live_operations": 0, "max_batch_responses": 1, "max_canceled_batch_responses": 1, "max_handler_ns": 0, "max_inline_callbacks_per_turn": 0, "max_loop_ns": 48939, "max_queue_ns": 0, "max_request_ns": 447624, "max_send_bytes": 65536, "max_send_parts": 2, "peak_connections": 2, "peak_operations": 3, "pipeline_copy_bytes": 0, "prearmed_receives": 0, "rejected": 0, "response_batch_limit": 1, "response_batches": 3, "response_draft_copy_bytes": 0, "resumed": 0, "scalar_send_operations": 0, "send_completions": 5, "shards": 1, "short_send_completions": 2, "single_span_send_operations": 4, "timeouts": 1, "turns": 146, "worker_dispatches": 3, "workers": 2}}, {"backend": "io_uring", "phase": "shutdown", "stats": {"accepted": 2, "allocation_calls_after_start": 0, "batched_finished_responses": 0, "borrow_copies": 0, "bytes_received": 70, "bytes_sent": 0, "callbacks_per_turn": 4, "completed": 0, "execution": "workers", "flushes": 0, "framework_heap_limit_bytes": 534773760, "framework_heap_peak_bytes": 301370, "gather_cancel_requests": 0, "gather_canceled_completions": 0, "gather_send": true, "gather_send_operations": 0, "idle_polls": 30, "inline_dispatches": 0, "live_connections": 0, "live_operations": 0, "max_batch_responses": 0, "max_canceled_batch_responses": 0, "max_handler_ns": 0, "max_inline_callbacks_per_turn": 0, "max_loop_ns": 80071, "max_queue_ns": 0, "max_request_ns": 0, "max_send_bytes": 0, "max_send_parts": 0, "peak_connections": 2, "peak_operations": 4, "pipeline_copy_bytes": 0, "prearmed_receives": 0, "rejected": 0, "response_batch_limit": 1, "response_batches": 0, "response_draft_copy_bytes": 0, "resumed": 0, "scalar_send_operations": 0, "send_completions": 0, "shards": 1, "short_send_completions": 0, "single_span_send_operations": 0, "timeouts": 0, "turns": 35, "worker_dispatches": 1, "workers": 2}}], "tests": [{"name": "plaintext", "ok": true, "seconds": 0.001022}, {"name": "head_then_keepalive", "ok": true, "seconds": 0.000196}, {"name": "startup_loaded_html", "ok": true, "seconds": 0.000244}, {"name": "unknown_route", "ok": true, "seconds": 9.5e-05}, {"name": "absolute_uri_case_insensitive_scheme_and_query", "ok": true, "seconds": 0.000278}, {"name": "fragmented_headers_and_binary_body", "ok": true, "seconds": 0.022602}, {"name": "exact_body_limit", "ok": true, "seconds": 0.000885}, {"name": "chunked_echo_and_pipeline_suffix", "ok": true, "seconds": 0.000475}, {"name": "expect_100_continue", "ok": true, "seconds": 0.000203}, {"name": "pipeline_16_and_connection_close", "ok": true, "seconds": 0.001237}, {"name": "multiple_flushes_partial_sends_and_resume", "ok": true, "seconds": 0.000277}, {"name": "oversize_content_length", "ok": true, "seconds": 0.000286}, {"name": "oversize_expect_without_100", "ok": true, "seconds": 0.000255}, {"name": "oversize_header_block", "ok": true, "seconds": 0.000257}, {"name": "conflicting_framing", "ok": true, "seconds": 0.000298}, {"name": "conflicting_lengths", "ok": true, "seconds": 0.000284}, {"name": "missing_host", "ok": true, "seconds": 0.000246}, {"name": "whitespace_before_field_colon", "ok": true, "seconds": 0.000259}, {"name": "unsupported_expectation", "ok": true, "seconds": 0.000771}, {"name": "cumulative_chunked_body_limit", "ok": true, "seconds": 0.000325}, {"name": "healthy_progress_while_other_worker_stalls", "ok": true, "seconds": 1.000307}, {"name": "connection_cap_and_recovery", "ok": true, "seconds": 0.217621}, {"name": "simultaneous_connection_and_body_limits_then_recovery", "ok": true, "seconds": 0.219522}, {"name": "incomplete_and_handler_deadlines_then_recovery", "ok": true, "seconds": 0.972427}, {"name": "slow_reader_bounded_output_and_deadline", "ok": true, "seconds": 1.279045}, {"name": "shutdown_with_live_receive_and_worker_borrows", "ok": true, "seconds": 0.317238}], "tool": "zig-http-integration"}
PASS raw query bytes, explicit decode and borrowed target forms
PASS typed endpoint, raw captures, case/trailing-slash routing, HEAD and Allow
PASS crossing routes in both registration orders, explicit HEAD and extension method
PASS URL-encoded forms remain separate; explicit copy spans HTTP chunks
PASS flat repeated fields/files, binary and empty uploads, chunk splits and validation before side effects
PASS copied and explicitly borrowed binary response bodies
PASS copied header metadata, repeated Set-Cookie and redirect framing
PASS unpublished response failures recover; inline service I/O is explicit
PASS fragmented input and ordered recovery around a failed draft
PASS 128 side-effecting requests execute once across bounded arena drains
PASS caller std.Io works in explicitly selected fixed workers
PASS incomplete-request deadline and subsequent recovery
PASS connection overload refusal and admitted-slot recovery
PASS deadline during worker service retains storage through callback return and shutdown
{"passed": 14, "cases": ["raw query bytes, explicit decode and borrowed target forms", "typed endpoint, raw captures, case/trailing-slash routing, HEAD and Allow", "crossing routes in both registration orders, explicit HEAD and extension method", "URL-encoded forms remain separate; explicit copy spans HTTP chunks", "flat repeated fields/files, binary and empty uploads, chunk splits and validation before side effects", "copied and explicitly borrowed binary response bodies", "copied header metadata, repeated Set-Cookie and redirect framing", "unpublished response failures recover; inline service I/O is explicit", "fragmented input and ordered recovery around a failed draft", "128 side-effecting requests execute once across bounded arena drains", "caller std.Io works in explicitly selected fixed workers", "incomplete-request deadline and subsequent recovery", "connection overload refusal and admitted-slot recovery", "deadline during worker service retains storage through callback return and shutdown"]}
PASS hello
PASS hello2
PASS hello_json
PASS simple_router
PASS routes
PASS serve
PASS sendfile
PASS senderror
PASS accept
PASS app_basic
PASS app_auth
PASS endpoint_auth
PASS app_errors
PASS cookies
PASS middleware
PASS middleware_with_endpoint
PASS http_params
PASS bindataformpost
PASS endpoint
PASS userpass_session
{"passed": 20, "cases": ["hello", "hello2", "hello_json", "simple_router", "routes", "serve", "sendfile", "senderror", "accept", "app_basic", "app_auth", "endpoint_auth", "app_errors", "cookies", "middleware", "middleware_with_endpoint", "http_params", "bindataformpost", "endpoint", "userpass_session"]}
PASS plaintext_p1: 10000 responses (Python/client-bound)
PASS plaintext_p16: 10000 responses (Python/client-bound)
PASS html_p16: 10000 responses (Python/client-bound)
{"asset": {"bytes": 210, "path": "assets/index.html", "sha256": "fd2af64d44b0ee710911fe473d4549934ab721800361b0ae09ff379946796130"}, "build": {"binary": "/tmp/zig-http.5rzl6V/zig-out/bin/zig-http", "binary_sha256": "b5101875ecd0d1ec2eebaa365e9dff29d1ecc116f0253213e4439910ebc13e98", "optimize": "ReleaseSafe", "repository_commit": null, "repository_status": null, "zig_target": "0.16.0"}, "child_cpu": {"scope": "All reaped children, including server, clients and metadata commands; not isolated server CPU", "system_seconds": 0.348744, "user_seconds": 0.528309}, "classification": "Python/client-bound smoke; not TechEmpower ranking, server capacity or SLO evidence", "environment": {"cpu": {"logical_count": 8, "model": "Intel(R) Core(TM) Ultra 7 258V", "physical_count": null}, "hostname": "omarx1", "kernel_release": "7.1.9-arch1-2", "kernel_version": "#1 SMP PREEMPT_DYNAMIC Fri, 21 Aug 2026 22:18:59 +0000", "machine": "x86_64", "network": "IPv4 TCP loopback; client and server share this host", "physical_memory_bytes": 33101041664, "platform": "Linux-7.1.9-arch1-2-x86_64-with-glibc2.44", "python": "3.14.7", "python_executable": "/usr/bin/python3", "system": "Linux"}, "ok": true, "schema_version": 1, "seconds": 0.686264, "server": {"backend": "io_uring", "configuration": {"connections": 128, "duration_ms": 150000, "execution": "inline", "max_body": 65536, "max_header": 16384, "port": 0, "send_chunk": 65536, "socket_send_buffer": 65536, "stall_ms": 1000, "timeout_ms": 5000, "workers": 0}, "port": 37431, "ready": "READY port=37431 backend=io_uring connections=128 workers=0 execution=inline_event_loop gather_send=1 response_batch_limit=128 shards=8 callbacks_per_turn=8192 optimize=ReleaseSafe", "stats": {"accepted": 24, "allocation_calls_after_start": 0, "batched_finished_responses": 20000, "borrow_copies": 30000, "bytes_received": 1510000, "bytes_sent": 6110000, "callbacks_per_turn": 8192, "completed": 30000, "execution": "inline_event_loop", "flushes": 0, "framework_heap_limit_bytes": 529530880, "framework_heap_peak_bytes": 237094928, "gather_cancel_requests": 0, "gather_canceled_completions": 0, "gather_send": true, "gather_send_operations": 11264, "idle_polls": 270, "inline_dispatches": 30000, "live_connections": 0, "live_operations": 0, "max_batch_responses": 16, "max_canceled_batch_responses": 0, "max_handler_ns": 0, "max_inline_callbacks_per_turn": 32, "max_loop_ns": 28922, "max_queue_ns": 0, "max_request_ns": 3069932, "max_send_bytes": 5520, "max_send_parts": 1, "peak_connections": 8, "peak_operations": 23, "pipeline_copy_bytes": 0, "prearmed_receives": 0, "rejected": 0, "response_batch_limit": 128, "response_batches": 11264, "response_draft_copy_bytes": 0, "resumed": 0, "scalar_send_operations": 0, "send_completions": 11264, "shards": 8, "short_send_completions": 0, "single_span_send_operations": 11264, "timeouts": 0, "turns": 22436, "worker_dispatches": 0, "workers": 0}}, "started_utc": "2026-09-06T12:55:09.584059+00:00", "tool": "zig-http-smoke-suite", "warning": "Short closed-loop loopback runs without warmup/repetitions; keep safety assertions enabled and compare only matching environments", "workloads": [{"command": ["/usr/bin/python3", "/tmp/zig-http.5rzl6V/tools/benchmark.py", "http://127.0.0.1:37431/plaintext", "--connections", "8", "--requests", "10000", "--pipeline", "1", "--timeout", "5", "--deadline", "38"], "exit_code": 0, "name": "plaintext_p1", "result": {"body_bytes": 130000, "body_sha256": ["dffd6021bb2bd5b0af676290809ec3a53191dd81c7f70a4b28688a362182986f"], "body_validation": "exact expected bytes", "classification": "Python/client-bound smoke; not TechEmpower ranking or server capacity", "client_cpu_per_wall": 1.632, "client_cpu_seconds": 0.329893, "completed": 10000, "connections": 8, "errors": [], "latency_model": "closed-loop; each pipelined response measured from its batch send", "machine": "x86_64", "ok": true, "p50_ms": 0.124143, "p999_ms": 2.32475, "p99_ms": 0.687026, "pipeline": 1, "platform": "Linux-7.1.9-arch1-2-x86_64-with-glibc2.44", "python": "3.14.7", "requested": 10000, "requests_per_second": 49461.774, "schema_version": 1, "seconds": 0.202176, "tool": "zig-http-python-smoke", "url": "http://127.0.0.1:37431/plaintext"}, "stderr": ""}, {"command": ["/usr/bin/python3", "/tmp/zig-http.5rzl6V/tools/benchmark.py", "http://127.0.0.1:37431/plaintext", "--connections", "8", "--requests", "10000", "--pipeline", "16", "--timeout", "5", "--deadline", "38"], "exit_code": 0, "name": "plaintext_p16", "result": {"body_bytes": 130000, "body_sha256": ["dffd6021bb2bd5b0af676290809ec3a53191dd81c7f70a4b28688a362182986f"], "body_validation": "exact expected bytes", "classification": "Python/client-bound smoke; not TechEmpower ranking or server capacity", "client_cpu_per_wall": 1.13, "client_cpu_seconds": 0.065635, "completed": 10000, "connections": 8, "errors": [], "latency_model": "closed-loop; each pipelined response measured from its batch send", "machine": "x86_64", "ok": true, "p50_ms": 0.553793, "p999_ms": 2.986249, "p99_ms": 2.109141, "pipeline": 16, "platform": "Linux-7.1.9-arch1-2-x86_64-with-glibc2.44", "python": "3.14.7", "requested": 10000, "requests_per_second": 172124.473, "schema_version": 1, "seconds": 0.058097, "tool": "zig-http-python-smoke", "url": "http://127.0.0.1:37431/plaintext"}, "stderr": ""}, {"command": ["/usr/bin/python3", "/tmp/zig-http.5rzl6V/tools/benchmark.py", "http://127.0.0.1:37431/index.html", "--connections", "8", "--requests", "10000", "--pipeline", "16", "--timeout", "5", "--deadline", "38", "--expect-file", "/tmp/zig-http.5rzl6V/assets/index.html"], "exit_code": 0, "name": "html_p16", "result": {"body_bytes": 2100000, "body_sha256": ["fd2af64d44b0ee710911fe473d4549934ab721800361b0ae09ff379946796130"], "body_validation": "exact expected bytes", "classification": "Python/client-bound smoke; not TechEmpower ranking or server capacity", "client_cpu_per_wall": 1.146, "client_cpu_seconds": 0.066367, "completed": 10000, "connections": 8, "errors": [], "latency_model": "closed-loop; each pipelined response measured from its batch send", "machine": "x86_64", "ok": true, "p50_ms": 0.574757, "p999_ms": 2.749377, "p99_ms": 2.004348, "pipeline": 16, "platform": "Linux-7.1.9-arch1-2-x86_64-with-glibc2.44", "python": "3.14.7", "requested": 10000, "requests_per_second": 172739.499, "schema_version": 1, "seconds": 0.057891, "tool": "zig-http-python-smoke", "url": "http://127.0.0.1:37431/index.html"}, "stderr": ""}]}
native_verification_finished=2026-09-06T12:55:10.292494+00:00 exit=0
